5c,chüler,S,5c98b847c626a,5c98bbf60a74e,5c98ceb21ca28,5c98c3d5e7f8d
5a,chüler,S,5c98b55207aa1,5c98bd907d9c2,5c98c7925a1fc,5c98cfe6b4972
5c,chüler,S,5c98bbf60a74e,5c98baacedff8,5c98c3d5e7f8d,5c98cc059c466
5d,chüler,S,5c98b847c626a,5c98bbf60a74e,5c98c3d5e7f8d,5c98ceb21ca28
5a,chüler,S,5c98b55207aa1,5c98bd907d9c2,5c98cc059c466,5c98cb36a6a49
5d,chüler,S,5c98c70931cf4,5c98b970b7847,5c98d03a167ff,5c98cfe6b4972
5d,chüler,S,5c98cfe6b4972,5c98d03a167ff,5c98c92c02e6c,5c98cabb39e37
5c,chüler,S,5c98c92c02e6c,5c98ceb21ca28,5c98c7925a1fc,5c98cb36a6a49
5c,chüler,S,5c98c92c02e6c,5c98c3d5e7f8d,5c98c5dbe97e5,5c98baacedff8
5a,chüler,S,5c98d03a167ff,5c98cfad65080,5c98baacedff8,5c98c92c02e6c
5a,chüler,S,5c98b2aa9717a,5c98b847c626a,5c98bd907d9c2,5c98cc059c466
5a,chüler,S,5c98c70931cf4,5c98bbf60a74e,5c98c855ca7b5,5c98cb36a6a49
5a,chüler,S,5c98c7925a1fc,5c98bbf60a74e,5c98cabb39e37,5c98b970b7847
5a,chüler,S,5c98b2aa9717a,5c98b847c626a,5c98c92c02e6c,5c98bd907d9c2
5a,chüler,S,5c98b2aa9717a,5c98cc059c466,5c98c855ca7b5,5c98bd907d9c2
5a,chüler,S,5c98cfe6b4972,5c98b2aa9717a,5c98bd907d9c2,5c98c5dbe97e5
5c,chüler,S,5c98c92c02e6c,5c98cabb39e37,5c98cc059c466,5c98c7925a1fc
5a,chüler,S,5c98c70931cf4,5c98ceb21ca28,5c98bbf60a74e,5c98cabb39e37
5c,chüler,S,5c98b2aa9717a,5c98bbf60a74e,5c98bd907d9c2,5c98c70931cf4
5a,chüler,S,5c98c855ca7b5,5c98bbf60a74e,5c98bd907d9c2,5c98c3d5e7f8d
5c,chüler,S,5c98c5dbe97e5,5c98c855ca7b5,5c98cfad65080,5c98cabb39e37
5a,chüler,S,5c98c3d5e7f8d,5c98ceb21ca28,5c98c855ca7b5,5c98c7925a1fc
5d,chüler,S,5c98d03a167ff,5c98cfe6b4972,5c98cfad65080,5c98c92c02e6c
5a,chüler,S,5c98cfe6b4972,5c98cfad65080,5c98bbf60a74e,5c98c5dbe97e5
5d,chüler,S,5c98c855ca7b5,5c98cfad65080,5c98cabb39e37,5c98cb36a6a49
5a,chüler,S,5c98b847c626a,5c98c92c02e6c,5c98cb36a6a49,5c98c7925a1fc
5d,chüler,S,5c98c92c02e6c,5c98ceb21ca28,5c98cabb39e37,5c98c855ca7b5
5a,chüler,S,5c98baacedff8,5c98b970b7847,5c98bd907d9c2,5c98b847c626a
5d,chüler,S,5c98d03a167ff,5c98bbf60a74e,5c98b847c626a,5c98baacedff8
5a,chüler,S,5c98c855ca7b5,5c98c92c02e6c,5c98baacedff8,5c98c7925a1fc
5c,chüler,S,5c98b970b7847,5c98c70931cf4,5c98bd907d9c2,5c98b847c626a
5a,chüler,S,5c98c92c02e6c,5c98cabb39e37,5c98c855ca7b5,5c98c5dbe97e5
5c,chüler,S,5c98b2aa9717a,5c98b847c626a,5c98bbf60a74e,5c98c70931cf4
5a,chüler,S,5c98c70931cf4,5c98c92c02e6c,5c98cabb39e37,5c98cc059c466
5c,chüler,S,5c98cabb39e37,5c98cc059c466,5c98c92c02e6c,5c98c855ca7b5
5a,chüler,S,5c98cfad65080,5c98d03a167ff,5c98cfe6b4972,5c98b970b7847
5c,chüler,S,5c98b2aa9717a,5c98c855ca7b5,5c98b970b7847,5c98baacedff8
5a,chüler,S,5c98cb36a6a49,5c98cabb39e37,5c98b2aa9717a,5c98ceb21ca28
5c,chüler,S,5c98c7925a1fc,5c98c70931cf4,5c98c92c02e6c,5c98bbf60a74e
5a,chüler,S,5c98c92c02e6c,5c98bbf60a74e,5c98bd907d9c2,5c98baacedff8
5c,chüler,S,5c98b2aa9717a,5c98cabb39e37,5c98c70931cf4,5c98bd907d9c2
5a,chüler,S,5c98c855ca7b5,5c98ceb21ca28,5c98cb36a6a49,5c98cc059c466
5c,chüler,S,5c98c70931cf4,5c98b847c626a,5c98b970b7847,5c98d03a167ff
5a,chüler,S,5c98cabb39e37,5c98bd907d9c2,5c98c92c02e6c,5c98bbf60a74e
5d,chüler,S,5c98c92c02e6c,5c98cfe6b4972,5c98d03a167ff,5c98cfad65080
5a,chüler,S,5c98b970b7847,5c98cabb39e37,5c98ceb21ca28,5c98cc059c466
5d,chüler,S,5c98b2aa9717a,5c98baacedff8,5c98bbf60a74e,5c98cfad65080
5b,chüler,S,5c98bbf60a74e,5c98b970b7847,5c98bd907d9c2,5c98c70931cf4
5d,chüler,S,5c98c7925a1fc,5c98bbf60a74e,5c98bd907d9c2,5c98b970b7847
5a,chüler,S,5c98bd907d9c2,5c98bbf60a74e,5c98cabb39e37,5c98baacedff8
5d,chüler,S,5c98c92c02e6c,5c98c855ca7b5,5c98cb36a6a49,5c98c5dbe97e5
5b,chüler,S,5c98c7925a1fc,5c98cb36a6a49,5c98c92c02e6c,5c98ceb21ca28
5d,chüler,S,5c98b2aa9717a,5c98baacedff8,5c98c3d5e7f8d,5c98ceb21ca28
5b,chüler,S,5c98b2aa9717a,5c98bbf60a74e,5c98b847c626a,5c98b970b7847
5d,chüler,S,5c98c70931cf4,5c98cb36a6a49,5c98c92c02e6c,5c98ceb21ca28
5b,chüler,S,5c98b55207aa1,5c98c3d5e7f8d,5c98cc059c466,5c98ceb21ca28
5d,chüler,S,5c98ceb21ca28,5c98cabb39e37,5c98b970b7847,5c98c7925a1fc
5b,chüler,S,5c98c70931cf4,5c98c7925a1fc,5c98c92c02e6c,5c98c855ca7b5
5a,chüler,S,5c98b2aa9717a,5c98c70931cf4,5c98b970b7847,5c98bd907d9c2
5b,chüler,S,5c98bbf60a74e,5c98bd907d9c2,5c98c7925a1fc,5c98b970b7847
5c,chüler,S,5c98c92c02e6c,5c98cabb39e37,5c98cc059c466,5c98ceb21ca28
5b,chüler,S,5c98c7925a1fc,5c98c92c02e6c,5c98cb36a6a49,5c98cfad65080
5c,chüler,S,5c98b2aa9717a,5c98c92c02e6c,5c98ceb21ca28,5c98b847c626a
5b,chüler,S,5c98c855ca7b5,5c98bd907d9c2,5c98bbf60a74e,5c98b2aa9717a
5c,chüler,S,5c98c70931cf4,5c98c7925a1fc,5c98cc059c466,5c98cabb39e37
5b,chüler,S,5c98cfe6b4972,5c98c92c02e6c,5c98c855ca7b5,5c98cb36a6a49
5c,chüler,S,5c98b2aa9717a,5c98b55207aa1,5c98bbf60a74e,5c98c3d5e7f8d
5b,chüler,S,5c98b55207aa1,5c98b847c626a,5c98b970b7847,5c98baacedff8
5c,chüler,S,5c98b970b7847,5c98bbf60a74e,5c98c3d5e7f8d,5c98cabb39e37
5b,chüler,S,5c98b55207aa1,5c98b970b7847,5c98baacedff8,5c98b847c626a
5c,chüler,S,5c98b970b7847,5c98bbf60a74e,5c98cabb39e37,5c98cc059c466
5b,chüler,S,5c98b2aa9717a,5c98b970b7847,5c98c3d5e7f8d,5c98b55207aa1
5c,chüler,S,5c98c92c02e6c,5c98bd907d9c2,5c98bbf60a74e,5c98cfad65080
5b,chüler,S,5c98c70931cf4,5c98c7925a1fc,5c98bbf60a74e,5c98ceb21ca28
5c,chüler,S,5c98b2aa9717a,5c98bd907d9c2,5c98c92c02e6c,5c98cfad65080
5b,chüler,S,5c98b970b7847,5c98baacedff8,5c98bbf60a74e,5c98c3d5e7f8d
5c,chüler,S,5c98c5dbe97e5,5c98c3d5e7f8d,5c98c7925a1fc,5c98c70931cf4
5b,chüler,S,5c98c92c02e6c,5c98cabb39e37,5c98cc059c466,5c98c855ca7b5
5c,chüler,S,5c98cabb39e37,5c98b970b7847,5c98c855ca7b5,5c98c92c02e6c
5b,chüler,S,5c98bd907d9c2,5c98bbf60a74e,5c98c3d5e7f8d,5c98cc059c466
5c,chüler,S,5c98cfad65080,5c98cb36a6a49,5c98c92c02e6c,5c98bbf60a74e
5b,chüler,S,5c98baacedff8,5c98cabb39e37,5c98ceb21ca28,5c98cc059c466
5c,chüler,S,5c98c92c02e6c,5c98bbf60a74e,5c98b970b7847,5c98c3d5e7f8d
5b,chüler,S,5c98b2aa9717a,5c98b55207aa1,5c98b847c626a,5c98bbf60a74e
5d,chüler,S,5c98d03a167ff,5c98cfad65080,5c98cfe6b4972,5c98cc059c466
5b,chüler,S,5c98b2aa9717a,5c98c5dbe97e5,5c98c92c02e6c,5c98c855ca7b5
5d,chüler,S,5c98d03a167ff,5c98c92c02e6c,5c98cfad65080,5c98cfe6b4972
5b,chüler,S,5c98c855ca7b5,5c98baacedff8,5c98bbf60a74e,5c98c3d5e7f8d
5d,chüler,S,5c98c92c02e6c,5c98cc059c466,5c98cfad65080,5c98ceb21ca28
5b,chüler,S,5c98c7925a1fc,5c98c70931cf4,5c98c5dbe97e5,5c98b970b7847
5d,chüler,S,5c98b970b7847,5c98bd907d9c2,5c98baacedff8,5c98c92c02e6c
5b,chüler,S,5c98b970b7847,5c98bbf60a74e,5c98bd907d9c2,5c98c70931cf4
5d,chüler,S,5c98b2aa9717a,5c98b55207aa1,5c98b970b7847,5c98baacedff8
5b,chüler,S,5c98cabb39e37,5c98c92c02e6c,5c98ceb21ca28,5c98c70931cf4
5d,chüler,S,5c98c5dbe97e5,5c98c855ca7b5,5c98c70931cf4,5c98cabb39e37
5b,chüler,S,5c98cabb39e37,5c98bbf60a74e,5c98bd907d9c2,5c98ceb21ca28
5d,chüler,S,5c98c7925a1fc,5c98cb36a6a49,5c98c92c02e6c,5c98ceb21ca28
5b,chüler,S,5c98c7925a1fc,5c98c70931cf4,5c98c92c02e6c,5c98baacedff8
5d,chüler,S,5c98cfad65080,5c98c70931cf4,5c98c7925a1fc,5c98c92c02e6c
5b,chüler,S,5c98b970b7847,5c98baacedff8,5c98bbf60a74e,5c98c3d5e7f8d
5d,chüler,S,5c98b2aa9717a,5c98bd907d9c2,5c98c5dbe97e5,5c98c7925a1fc
5b,chüler,S,5c98cc059c466,5c98b970b7847,5c98c92c02e6c,5c98cabb39e37
5d,chüler,S,5c98b2aa9717a,5c98c7925a1fc,5c98d03a167ff,5c98c855ca7b5
5b,chüler,S,5c98c92c02e6c,5c98b2aa9717a,5c98baacedff8,5c98bbf60a74e
5d,chüler,S,5c98ceb21ca28,5c98bd907d9c2,5c98cfad65080,5c98cb36a6a49
5c,chüler,S,5c98b2aa9717a,5c98b970b7847,5c98bd907d9c2,5c98baacedff8
5d,chüler,S,5c98ceb21ca28,5c98cc059c466,5c98cfad65080,5c98cb36a6a49
5c,chüler,S,5c98b2aa9717a,5c98c5dbe97e5,5c98c92c02e6c,5c98b970b7847
5d,chüler,S,5c98bbf60a74e,5c98baacedff8,5c98b970b7847,5c98b847c626a
5c,chüler,S,5c98b847c626a,5c98b970b7847,5c98c3d5e7f8d,5c98bbf60a74e
5d,chüler,S,5c98b2aa9717a,5c98cc059c466,5c98b970b7847,5c98c92c02e6c
5a,chüler,S,5c98b2aa9717a,5c98bbf60a74e,5c98c855ca7b5,5c98c3d5e7f8d
5d,chüler,S,5c98c70931cf4,5c98cabb39e37,5c98c92c02e6c,5c98ceb21ca28
5c,chüler,S,5c98b2aa9717a,5c98bd907d9c2,5c98c5dbe97e5,5c98c7925a1fc
5a,chüler,S,5c98b2aa9717a,5c98bbf60a74e,5c98c3d5e7f8d,5c98c92c02e6c
5a,Peter,Hans,5c98b2aa9717a,5c98c855ca7b5,5c98bd907d9c2,5c98c5dbe97e5