9b,65601,Abb,5c98bcafc0613,5c98c5dbe97e5,5c98ceb21ca28,5c98d03a167ff
11er,1300361157,Abbigail,5c98cfe6b4972,5c98b42dd9ca7,5c98ca3e6d3ac,5c98af4f7789c
11er,463988763,Abigale,5c98baacedff8,5c98b70ee3ba2,5c98b970b7847,5c98cfe6b4972
11er,514015602,Adaline,5c98c657c12ed,5c98bcafc0613,5c98b42dd9ca7,5c98c7925a1fc
8b,1956244291,Adalyn,5c98b383210ea,5c98cf446f037,5c98cfe6b4972,5c98baacedff8
6c,514030987,Adalynn,5c98c7925a1fc,5c98c70931cf4,5c98bbf60a74e,5c98c855ca7b5
8c,1956362946,Adelia,5c98c92c02e6c,5c98b383210ea,5c98ceb21ca28,5c98bd907d9c2
11er,517709686,Adeline,5c98b42dd9ca7,5c98c7925a1fc,5c98bff040b99,5c98cfe6b4972
10er,1956568759,Adline,5c98b42dd9ca7,5c98bff040b99,5c98c92c02e6c,5c98baacedff8
5b,-844374026,Adolphus,5c98d03a167ff,5c98baacedff8,5c98cfe6b4972,5c98c92c02e6c
12er,63121070,Adron,5c98b70ee3ba2,5c98b42dd9ca7,5c98cfe6b4972,5c98baacedff8
8c,63234985,Ahmad,5c98b383210ea,5c98c5dbe97e5,5c98cfe6b4972,5c98b847c626a
11er,63316803,Akeem,5c98b42dd9ca7,5c98b970b7847,5c98cfe6b4972,5c98c51ca4e5e
10er,1800932688,Albertine,5c98cfe6b4972,5c98baacedff8,5c98b42dd9ca7,5c98c7925a1fc
5a,743772639,Alberto,5c98c92c02e6c,5c98cabb39e37,5c98c70931cf4,5c98b55207aa1
6e,1582115630,Albertus,5c98c70931cf4,5c98b55207aa1,5c98cfe6b4972,5c98cb36a6a49
5b,479173932,Alessandra,5c98b2aa9717a,5c98c70931cf4,5c98d03a167ff,5c98cabb39e37
10er,1963762664,Alexis,5c98baacedff8,5c98b42dd9ca7,5c98cc9ec9356,5c98bcafc0613
12er,1963774460,Alferd,5c98cfe6b4972,5c98b42dd9ca7,5c98cd8f9f989,5c98c108cd4e3
7c,1963879888,Alivia,5c98c70931cf4,5c98cfe6b4972,5c98c3d5e7f8d,5c98b847c626a
5d,63353198,Allan,5c98c70931cf4,5c98cfe6b4972,5c98cabb39e37,5c98b970b7847
6b,753604585,Allyssa,5c98b55207aa1,5c98c855ca7b5,5c98c70931cf4,5c98c7925a1fc
7c,753917561,Almedia,5c98cfe6b4972,5c98c70931cf4,5c98b847c626a,5c98b383210ea
9b,756788241,Alphons,5c98bff040b99,5c98cfe6b4972,5c98b70ee3ba2,5c98b383210ea
5b,2043896,Alta,5c98c92c02e6c,5c98c70931cf4,5c98b2aa9717a,5c98b55207aa1
6a,1964250989,Alvena,5c98c7925a1fc,5c98c70931cf4,5c98cfad65080,5c98b2aa9717a
6d,1964254833,Alvina,5c98c92c02e6c,5c98bbf60a74e,5c98cfad65080,5c98b55207aa1
8b,63365744,Alyce,5c98b383210ea,5c98cfe6b4972,5c98c5dbe97e5,5c98b847c626a
8a,1964353860,Alyson,5c98c3d5e7f8d,5c98b70ee3ba2,5c98be971f9de,5c98b970b7847
5b,765431302,Alyssia,5c98c7925a1fc,5c98cfe6b4972,5c98c70931cf4,5c98bbf60a74e
6b,63372932,Amara,5c98b2aa9717a,5c98cfad65080,5c98c70931cf4,5c98cfe6b4972
7a,63372936,Amare,5c98b970b7847,5c98cfe6b4972,5c98b847c626a,5c98cabb39e37
5b,63373149,Amaya,5c98c7925a1fc,5c98c70931cf4,5c98baacedff8,5c98b55207aa1
5a,63380620,Amira,5c98cb36a6a49,5c98c70931cf4,5c98c7925a1fc,5c98cfad65080
8b,1964799324,Amirah,5c98bd907d9c2,5c98b383210ea,5c98bcafc0613,5c98c92c02e6c
7c,1965469269,Anabel,5c98c92c02e6c,5c98c70931cf4,5c98b847c626a,5c98cf446f037
10er,-969639286,Anabella,5c98b42dd9ca7,5c98bff040b99,5c98c92c02e6c,5c98d03a167ff
5c,506165583,Anastacia,5c98c70931cf4,5c98b2aa9717a,5c98b847c626a,5c98cfe6b4972
5d,63404377,Ancil,5c98c70931cf4,5c98cb36a6a49,5c98bd907d9c2,5c98cabb39e37
11er,-880587154,Anderson,5c98c7925a1fc,5c98cfe6b4972,5c98ca3e6d3ac,5c98b42dd9ca7
6e,1965573887,Andrae,5c98baacedff8,5c98c7925a1fc,5c98bbf60a74e,5c98c70931cf4
11er,1965651104,Angela,5c98baacedff8,5c98cd8f9f989,5c98b42dd9ca7,5c98c7925a1fc
7c,805642518,Angella,5c98c92c02e6c,5c98c70931cf4,5c98b847c626a,5c98b383210ea
12er,63408214,Angie,5c98c92c02e6c,5c98bff040b99,5c98baacedff8,5c98cfe6b4972
9a,1965729572,Aniyah,5c98ceb21ca28,5c98c5dbe97e5,5c98b383210ea,5c98b847c626a
9b,1965863210,Annice,5c98c7925a1fc,5c98c5dbe97e5,5c98cc9ec9356,5c98b383210ea
8a,817943384,Antoine,5c98c5dbe97e5,5c98baacedff8,5c98be971f9de,5c98bbf60a74e
5b,63420902,Anton,5c98c92c02e6c,5c98cfe6b4972,5c98cc059c466,5c98c70931cf4
12er,818173878,Antwain,5c98baacedff8,5c98cfe6b4972,5c98ca3e6d3ac,5c98b42dd9ca7
6d,2045973,Anya,5c98b970b7847,5c98cfe6b4972,5c98bbf60a74e,5c98b2aa9717a
8d,2049080,Arah,5c98c5dbe97e5,5c98cfe6b4972,5c98cf446f037,5c98c7925a1fc
11er,2049142,Arch,5c98bff040b99,5c98ca3e6d3ac,5c98b42dd9ca7,5c98c51ca4e5e
8c,1969255826,Ardell,5c98cf446f037,5c98b383210ea,5c98cfe6b4972,5c98d03a167ff
11er,63524509,Ardis,5c98b42dd9ca7,5c98c7925a1fc,5c98bff040b99,5c98cfe6b4972
10er,66104,Ari,5c98c108cd4e3,5c98cfe6b4972,5c98ca3e6d3ac,5c98af4f7789c
5c,1969400988,Ariana,5c98c70931cf4,5c98cfe6b4972,5c98cabb39e37,5c98bbf60a74e
8b,63529183,Ariel,5c98cfe6b4972,5c98b70ee3ba2,5c98c5dbe97e5,5c98b383210ea
11er,922006168,Arielle,5c98b42dd9ca7,5c98cfe6b4972,5c98c51ca4e5e,5c98ca3e6d3ac
5d,63531222,Arkie,5c98bbf60a74e,5c98cabb39e37,5c98cb36a6a49,5c98c5dbe97e5
11er,1969494209,Arlene,5c98cfe6b4972,5c98ca3e6d3ac,5c98baacedff8,5c98af4f7789c
10er,2049428,Arlo,5c98bff040b99,5c98b970b7847,5c98baacedff8,5c98cfe6b4972
12er,925582772,Armando,5c98c92c02e6c,5c98cfe6b4972,5c98baacedff8,5c98b42dd9ca7
7d,63539871,Artie,5c98c92c02e6c,5c98c70931cf4,5c98b383210ea,5c98cfe6b4972
11er,1970305010,Ashlea,5c98c7925a1fc,5c98cfad65080,5c98b42dd9ca7,5c98cc9ec9356
12er,-617451941,Ashleigh,5c98cc9ec9356,5c98b42dd9ca7,5c98b70ee3ba2,5c98cfe6b4972
12er,63599453,Attie,5c98b42dd9ca7,5c98cfe6b4972,5c98ca3e6d3ac,5c98baacedff8
7d,63614167,Audry,5c98c70931cf4,5c98b847c626a,5c98c92c02e6c,5c98c7925a1fc
7a,1972453248,Aurora,5c98b847c626a,5c98c92c02e6c,5c98cfe6b4972,5c98cabb39e37
12er,1972487764,Auston,5c98b42dd9ca7,5c98baacedff8,5c98cfe6b4972,5c98c7925a1fc
11er,1972992094,Averie,5c98b42dd9ca7,5c98baacedff8,5c98af4f7789c,5c98b70ee3ba2
8b,2053169,Avie,5c98c5dbe97e5,5c98c7925a1fc,5c98b383210ea,5c98bff040b99
8a,2054974,Axel,5c98b383210ea,5c98cfe6b4972,5c98c108cd4e3,5c98b847c626a
7a,1975763583,Ayesha,5c98bbf60a74e,5c98b970b7847,5c98c7925a1fc,5c98cfe6b4972
12er,1982610743,Barnie,5c98c7925a1fc,5c98ca3e6d3ac,5c98cfe6b4972,5c98af4f7789c
9b,1982614782,Barron,5c98b847c626a,5c98cfe6b4972,5c98ca3e6d3ac,5c98c51ca4e5e
9a,1982616704,Barton,5c98b383210ea,5c98c7925a1fc,5c98cfe6b4972,5c98c51ca4e5e
5b,1985788770,Beadie,5c98cabb39e37,5c98c7925a1fc,5c98c70931cf4,5c98b847c626a
5a,2066391,Beau,5c98bd907d9c2,5c98c70931cf4,5c98cfe6b4972,5c98bbf60a74e
9a,2066406,Bebe,5c98b383210ea,5c98c7925a1fc,5c98b970b7847,5c98cfad65080
7d,2066464,Beda,5c98cabb39e37,5c98c92c02e6c,5c98c108cd4e3,5c98c5dbe97e5
5b,1433573172,Beecher,5c98cfe6b4972,5c98cfad65080,5c98c70931cf4,5c98b55207aa1
8a,1755021112,Benjaman,5c98b847c626a,5c98b70ee3ba2,5c98b383210ea,5c98c3d5e7f8d
8b,1986190663,Benson,5c98cfe6b4972,5c98b383210ea,5c98c3d5e7f8d,5c98c5dbe97e5
9a,576279714,Bernadette,5c98baacedff8,5c98b70ee3ba2,5c98cc9ec9356,5c98c7925a1fc
6e,1445900308,Bernard,5c98c70931cf4,5c98b847c626a,5c98cabb39e37,5c98cfe6b4972
5d,1873236699,Bernardo,5c98c70931cf4,5c98d03a167ff,5c98cfe6b4972,5c98bbf60a74e
6e,1873462493,Berniece,5c98b2aa9717a,5c98c70931cf4,5c98bd907d9c2,5c98cfe6b4972
7a,64076470,Betty,5c98baacedff8,5c98c92c02e6c,5c98cfe6b4972,5c98cf446f037
9c,-90498844,Bettyjane,5c98b70ee3ba2,5c98b383210ea,5c98c5dbe97e5,5c98cf446f037
9c,1979942316,Beverlee,5c98c5dbe97e5,5c98c108cd4e3,5c98b847c626a,5c98b383210ea
10er,1449342445,Beverly,5c98bff040b99,5c98ca3e6d3ac,5c98cfe6b4972,5c98c7925a1fc
12er,1989818739,Billye,5c98b42dd9ca7,5c98b970b7847,5c98c7925a1fc,5c98cfe6b4972
8c,2070761,Birt,5c98b383210ea,5c98b70ee3ba2,5c98c3d5e7f8d,5c98be971f9de
6c,64266396,Blain,5c98bbf60a74e,5c98cfe6b4972,5c98c3d5e7f8d,5c98cfad65080
11er,1630606121,Blanche,5c98b42dd9ca7,5c98bff040b99,5c98baacedff8,5c98c7925a1fc
11er,2157,Bo,5c98cfe6b4972,5c98ca3e6d3ac,5c98af4f7789c,5c98c92c02e6c
5a,1995051849,Bobbie,5c98c70931cf4,5c98baacedff8,5c98ceb21ca28,5c98cfe6b4972
5b,64372111,Boris,5c98c70931cf4,5c98cfad65080,5c98bd907d9c2,5c98cfe6b4972
6a,64444998,Brady,5c98c92c02e6c,5c98b847c626a,5c98cb36a6a49,5c98c70931cf4
5a,1802113785,Braeden,5c98cb36a6a49,5c98c70931cf4,5c98cc059c466,5c98cabb39e37
6d,1997803998,Brande,5c98c70931cf4,5c98cfe6b4972,5c98cc059c466,5c98b847c626a
8d,1802396629,Branson,5c98c3d5e7f8d,5c98baacedff8,5c98b383210ea,5c98bff040b99
6b,1802717603,Braylon,5c98b847c626a,5c98cfad65080,5c98b2aa9717a,5c98cfe6b4972
12er,2078992,Bree,5c98baacedff8,5c98cfe6b4972,5c98b42dd9ca7,5c98bff040b99
11er,64449333,Brett,5c98c92c02e6c,5c98b42dd9ca7,5c98baacedff8,5c98bff040b99
11er,259151849,Bridgett,5c98baacedff8,5c98b42dd9ca7,5c98c7925a1fc,5c98cfe6b4972
9c,64452706,Brien,5c98bcafc0613,5c98cfe6b4972,5c98cf446f037,5c98c7925a1fc
5c,1998035753,Brigid,5c98c70931cf4,5c98c92c02e6c,5c98d03a167ff,5c98cfe6b4972
7d,1998040455,Briley,5c98c92c02e6c,5c98bbf60a74e,5c98cf446f037,5c98b383210ea
9a,274311427,Brittani,5c98ceb21ca28,5c98cfe6b4972,5c98b383210ea,5c98c5dbe97e5
11er,64458452,Brody,5c98cfe6b4972,5c98ca3e6d3ac,5c98b42dd9ca7,5c98c7925a1fc
11er,64467958,Bryan,5c98cc9ec9356,5c98b42dd9ca7,5c98baacedff8,5c98c7925a1fc
5c,1824169001,Bryanna,5c98c70931cf4,5c98bd907d9c2,5c98cb36a6a49,5c98c7925a1fc
5a,1998508451,Brycen,5c98b55207aa1,5c98cfe6b4972,5c98c7925a1fc,5c98d03a167ff
6b,64468392,Bryon,5c98cfad65080,5c98b847c626a,5c98c70931cf4,5c98c7925a1fc
7d,64538450,Buell,5c98c7925a1fc,5c98cfe6b4972,5c98c92c02e6c,5c98bd907d9c2
7b,2001081163,Burnie,5c98cfe6b4972,5c98b847c626a,5c98c70931cf4,5c98b383210ea
12er,2001084890,Burrel,5c98c92c02e6c,5c98b42dd9ca7,5c98cfe6b4972,5c98ca3e6d3ac
11er,1904089554,Burrell,5c98c108cd4e3,5c98b42dd9ca7,5c98cfe6b4972,5c98cc9ec9356
10er,2004765637,Byrdie,5c98c108cd4e3,5c98be971f9de,5c98c7925a1fc,5c98c657c12ed
7a,-2089265295,Cadence,5c98c70931cf4,5c98b383210ea,5c98c92c02e6c,5c98d03a167ff
10er,2010857181,Caesar,5c98cfe6b4972,5c98b42dd9ca7,5c98c7925a1fc,5c98cfad65080
6e,64872651,Caleb,5c98cb36a6a49,5c98c3d5e7f8d,5c98cfe6b4972,5c98c70931cf4
10er,-2081881805,Caleigh,5c98d03a167ff,5c98cfe6b4972,5c98ca3e6d3ac,5c98c7925a1fc
9b,2011120730,Cannie,5c98b383210ea,5c98cfe6b4972,5c98b70ee3ba2,5c98c5dbe97e5
12er,2011131496,Canyon,5c98c7925a1fc,5c98b64c1443f,5c98cfe6b4972,5c98ca3e6d3ac
11er,2011182234,Cappie,5c98b970b7847,5c98d03a167ff,5c98c7925a1fc,5c98cfe6b4972
9b,-2077800565,Caprice,5c98c7925a1fc,5c98cfe6b4972,5c98c51ca4e5e,5c98bff040b99
6a,-2077748476,Captain,5c98cb36a6a49,5c98c92c02e6c,5c98cfad65080,5c98ceb21ca28
9a,2011235240,Carina,5c98b383210ea,5c98bcafc0613,5c98b847c626a,5c98c5dbe97e5
5a,2011235395,Carisa,5c98c70931cf4,5c98c92c02e6c,5c98b970b7847,5c98cfad65080
5d,-2076136042,Carleen,5c98bd907d9c2,5c98c70931cf4,5c98d03a167ff,5c98cabb39e37
6e,2092859,Caro,5c98b970b7847,5c98cfe6b4972,5c98c70931cf4,5c98b847c626a
10er,2011240948,Carole,5c98cfe6b4972,5c98b42dd9ca7,5c98ca3e6d3ac,5c98d03a167ff
11er,-2076039322,Carolyn,5c98b42dd9ca7,5c98c92c02e6c,5c98af4f7789c,5c98cfe6b4972
12er,2011245549,Carter,5c98b42dd9ca7,5c98cfe6b4972,5c98d03a167ff,5c98ca3e6d3ac
9c,2092869,Cary,5c98cfe6b4972,5c98bff040b99,5c98c51ca4e5e,5c98b70ee3ba2
7b,-2075294202,Casimer,5c98baacedff8,5c98c70931cf4,5c98b55207aa1,5c98b383210ea
10er,-644728355,Catharine,5c98bcafc0613,5c98c92c02e6c,5c98cfe6b4972,5c98b42dd9ca7
6d,-2074407761,Cathern,5c98cfe6b4972,5c98c70931cf4,5c98c92c02e6c,5c98c3d5e7f8d
8c,-1975673952,Cecelia,5c98be971f9de,5c98b383210ea,5c98c5dbe97e5,5c98b55207aa1
6e,2014746734,Celena,5c98c70931cf4,5c98cfad65080,5c98cfe6b4972,5c98b847c626a
10er,-842720956,Celestine,5c98d03a167ff,5c98c7925a1fc,5c98b42dd9ca7,5c98c51ca4e5e
10er,64994914,Ceola,5c98b42dd9ca7,5c98af4f7789c,5c98cd8f9f989,5c98cfe6b4972
11er,1488306722,Chadwick,5c98b970b7847,5c98cfe6b4972,5c98c7925a1fc,5c98baacedff8
9a,-823721310,Chantelle,5c98be971f9de,5c98c5dbe97e5,5c98b847c626a,5c98b383210ea
7c,-716287028,Charlotte,5c98cabb39e37,5c98c70931cf4,5c98b383210ea,5c98c855ca7b5
9a,2017202051,Charly,5c98b383210ea,5c98c51ca4e5e,5c98c7925a1fc,5c98b847c626a
12er,2017315650,Chelsi,5c98bff040b99,5c98b42dd9ca7,5c98d03a167ff,5c98cfe6b4972
11er,2017321385,Cherri,5c98ca3e6d3ac,5c98b42dd9ca7,5c98cfe6b4972,5c98c7925a1fc
11er,65081501,Chloe,5c98baacedff8,5c98b42dd9ca7,5c98c51ca4e5e,5c98cc9ec9356
9c,1235314143,Christina,5c98d03a167ff,5c98b383210ea,5c98bff040b99,5c98c7925a1fc
5a,1235314147,Christine,5c98c70931cf4,5c98b847c626a,5c98c92c02e6c,5c98bd907d9c2
11er,1235314187,Christion,5c98baacedff8,5c98bff040b99,5c98b42dd9ca7,5c98cfe6b4972
8d,1731528407,Christopher,5c98bbf60a74e,5c98b383210ea,5c98cfe6b4972,5c98c3d5e7f8d
11er,2100293,Ciji,5c98b42dd9ca7,5c98c108cd4e3,5c98cfe6b4972,5c98baacedff8
10er,65112877,Cindi,5c98ca3e6d3ac,5c98b42dd9ca7,5c98cfe6b4972,5c98c51ca4e5e
6c,-1850555596,Cinthia,5c98cfad65080,5c98c92c02e6c,5c98c70931cf4,5c98c7925a1fc
8a,-1368467098,Citlalli,5c98b383210ea,5c98bff040b99,5c98baacedff8,5c98bbf60a74e
6d,302674683,Clarabelle,5c98c70931cf4,5c98baacedff8,5c98cfe6b4972,5c98c7925a1fc
12er,755632841,Clarance,5c98c92c02e6c,5c98b42dd9ca7,5c98c657c12ed,5c98c7925a1fc
8d,65190187,Clare,5c98b383210ea,5c98c92c02e6c,5c98c108cd4e3,5c98c7925a1fc
10er,755871196,Clarinda,5c98baacedff8,5c98b42dd9ca7,5c98cfe6b4972,5c98cd8f9f989
9b,-1776732227,Clarisa,5c98c5dbe97e5,5c98b383210ea,5c98cfad65080,5c98cfe6b4972
12er,65190193,Clark,5c98b42dd9ca7,5c98c51ca4e5e,5c98c7925a1fc,5c98b970b7847
6c,758488544,Claudius,5c98cfe6b4972,5c98c92c02e6c,5c98cfad65080,5c98b847c626a
8a,2020999252,Cleave,5c98bff040b99,5c98cfe6b4972,5c98c92c02e6c,5c98b383210ea
11er,865651531,Clemente,5c98b42dd9ca7,5c98c92c02e6c,5c98c51ca4e5e,5c98cfe6b4972
11er,2021316954,Clovis,5c98bcafc0613,5c98b42dd9ca7,5c98cfe6b4972,5c98ca3e6d3ac
10er,-567318420,Collette,5c98cfe6b4972,5c98b42dd9ca7,5c98baacedff8,5c98d03a167ff
5a,2023988529,Collin,5c98c70931cf4,5c98bd907d9c2,5c98cfe6b4972,5c98b847c626a
7b,-558786046,Columbia,5c98bd907d9c2,5c98cb36a6a49,5c98c92c02e6c,5c98b847c626a
9b,56706673,Concepcion,5c98bff040b99,5c98b383210ea,5c98b70ee3ba2,5c98b847c626a
9a,2024049913,Conner,5c98b383210ea,5c98cfe6b4972,5c98b847c626a,5c98ca3e6d3ac
10er,1581690642,Constance,5c98b42dd9ca7,5c98c7925a1fc,5c98baacedff8,5c98c92c02e6c
6c,-413202020,Constantine,5c98c70931cf4,5c98c7925a1fc,5c98c92c02e6c,5c98bd907d9c2
10er,2024058445,Conway,5c98b42dd9ca7,5c98baacedff8,5c98cfe6b4972,5c98c92c02e6c
9b,-1675145072,Corrina,5c98c7925a1fc,5c98b383210ea,5c98c5dbe97e5,5c98cfad65080
6a,-1675080940,Cortney,5c98bd907d9c2,5c98c3d5e7f8d,5c98c92c02e6c,5c98b55207aa1
6c,2024177846,Corwin,5c98c70931cf4,5c98cfad65080,5c98bbf60a74e,5c98cfe6b4972
7a,2026676774,Crista,5c98cfe6b4972,5c98c92c02e6c,5c98c70931cf4,5c98b383210ea
11er,-1597529212,Cristen,5c98baacedff8,5c98cfe6b4972,5c98c51ca4e5e,5c98ca3e6d3ac
12er,2016205925,Cristine,5c98d03a167ff,5c98cfe6b4972,5c98b42dd9ca7,5c98cd8f9f989
10er,2112084,Curt,5c98ca3e6d3ac,5c98b42dd9ca7,5c98c7925a1fc,5c98cfe6b4972
7a,2033290965,Cyntha,5c98c70931cf4,5c98b383210ea,5c98cabb39e37,5c98c7925a1fc
11er,-1392489180,Cynthia,5c98cc9ec9356,5c98baacedff8,5c98c7925a1fc,5c98b42dd9ca7
7b,65790688,Dafne,5c98c108cd4e3,5c98c70931cf4,5c98b383210ea,5c98cfe6b4972
5d,2122388,Daja,5c98c92c02e6c,5c98cfad65080,5c98c70931cf4,5c98b55207aa1
8a,2039661310,Dakoda,5c98cfe6b4972,5c98c92c02e6c,5c98b383210ea,5c98b847c626a
9b,2039661806,Dakota,5c98b383210ea,5c98c5dbe97e5,5c98be971f9de,5c98cfe6b4972
9b,65798217,Dania,5c98d03a167ff,5c98b383210ea,5c98c7925a1fc,5c98bff040b99
7a,2039745134,Danika,5c98cfe6b4972,5c98b847c626a,5c98c108cd4e3,5c98c70931cf4
6b,65798396,Danny,5c98cfe6b4972,5c98b847c626a,5c98b2aa9717a,5c98b55207aa1
11er,-1191938947,Danyell,5c98cfe6b4972,5c98baacedff8,5c98b42dd9ca7,5c98c7925a1fc
7b,2039803852,Daphne,5c98cabb39e37,5c98b847c626a,5c98c92c02e6c,5c98c70931cf4
7c,2039864435,Darion,5c98b847c626a,5c98c7925a1fc,5c98cfe6b4972,5c98cb36a6a49
11er,2122647,Darl,5c98c108cd4e3,5c98b42dd9ca7,5c98baacedff8,5c98ca3e6d3ac
10er,2039870098,Darold,5c98c92c02e6c,5c98c108cd4e3,5c98b42dd9ca7,5c98baacedff8
11er,65802364,Darry,5c98baacedff8,5c98c51ca4e5e,5c98b42dd9ca7,5c98cfe6b4972
11er,2039877703,Darwin,5c98b42dd9ca7,5c98c108cd4e3,5c98cfe6b4972,5c98c7925a1fc
8b,2039878199,Darwyn,5c98baacedff8,5c98c92c02e6c,5c98b847c626a,5c98b383210ea
10er,-1185847073,Daulton,5c98d03a167ff,5c98ca3e6d3ac,5c98b42dd9ca7,5c98baacedff8
8a,2039958759,Daunte,5c98b970b7847,5c98b383210ea,5c98cfe6b4972,5c98b847c626a
9a,2122764,Dave,5c98c5dbe97e5,5c98c108cd4e3,5c98b383210ea,5c98baacedff8
10er,65805805,Davey,5c98bff040b99,5c98b42dd9ca7,5c98c108cd4e3,5c98baacedff8
8c,2040023000,Dawson,5c98cfe6b4972,5c98b847c626a,5c98b383210ea,5c98bd907d9c2
7c,68475,Dax,5c98d03a167ff,5c98c70931cf4,5c98cabb39e37,5c98cfe6b4972
8a,65808885,Dayle,5c98c7925a1fc,5c98b383210ea,5c98bff040b99,5c98c92c02e6c
11er,65808943,Dayna,5c98b42dd9ca7,5c98baacedff8,5c98c7925a1fc,5c98c108cd4e3
6c,2043057023,Deante,5c98baacedff8,5c98cfad65080,5c98b2aa9717a,5c98cabb39e37
5c,-1088703867,Debroah,5c98c3d5e7f8d,5c98cabb39e37,5c98cc059c466,5c98c70931cf4
9b,-1079831519,Delfina,5c98cfe6b4972,5c98b847c626a,5c98b383210ea,5c98ca3e6d3ac
6d,2043383808,Delmus,5c98cfe6b4972,5c98b2aa9717a,5c98cabb39e37,5c98c70931cf4
8c,65915800,Delta,5c98c92c02e6c,5c98b383210ea,5c98bd907d9c2,5c98c5dbe97e5
12er,-1079048445,Demario,5c98c51ca4e5e,5c98b42dd9ca7,5c98c7925a1fc,5c98ca3e6d3ac
9b,-1078927094,Demetra,5c98be971f9de,5c98b970b7847,5c98cfe6b4972,5c98b847c626a
12er,-1078600733,Dempsey,5c98c7925a1fc,5c98baacedff8,5c98b42dd9ca7,5c98cfe6b4972
11er,65917560,Denny,5c98bff040b99,5c98b42dd9ca7,5c98d03a167ff,5c98baacedff8
7d,2043539826,Dequan,5c98c70931cf4,5c98b383210ea,5c98c7925a1fc,5c98bd907d9c2
5d,1166986276,Devaughn,5c98cb36a6a49,5c98c70931cf4,5c98cabb39e37,5c98ceb21ca28
9c,-1070323199,Devonta,5c98c108cd4e3,5c98b383210ea,5c98bbf60a74e,5c98c51ca4e5e
8d,1179719300,Devontae,5c98c3d5e7f8d,5c98cfe6b4972,5c98ceb21ca28,5c98c7925a1fc
8d,2043747530,Dexter,5c98baacedff8,5c98b383210ea,5c98cc9ec9356,5c98c855ca7b5
8c,2046748947,Diallo,5c98b847c626a,5c98b383210ea,5c98baacedff8,5c98d03a167ff
9a,66024211,Diane,5c98b383210ea,5c98b70ee3ba2,5c98cfe6b4972,5c98c7925a1fc
10er,2047076545,Dillie,5c98b42dd9ca7,5c98cfad65080,5c98c108cd4e3,5c98d03a167ff
8b,-964291318,Dimitri,5c98c855ca7b5,5c98b383210ea,5c98cfe6b4972,5c98c5dbe97e5
10er,1028982894,Dimitrios,5c98c51ca4e5e,5c98baacedff8,5c98c7925a1fc,5c98b42dd9ca7
6d,2052357439,Doctor,5c98b847c626a,5c98cfe6b4972,5c98bbf60a74e,5c98c70931cf4
12er,1197913450,Domenico,5c98cfe6b4972,5c98c92c02e6c,5c98b70ee3ba2,5c98ca3e6d3ac
7b,1201607530,Dominick,5c98c70931cf4,5c98b383210ea,5c98c108cd4e3,5c98c92c02e6c
11er,66215291,Donia,5c98c7925a1fc,5c98cfe6b4972,5c98b42dd9ca7,5c98bff040b99
7a,66215446,Donna,5c98c70931cf4,5c98c92c02e6c,5c98b383210ea,5c98cf446f037
5c,2136090,Dora,5c98cabb39e37,5c98c70931cf4,5c98c92c02e6c,5c98cfad65080
5c,-788137429,Dorathy,5c98c70931cf4,5c98cfe6b4972,5c98cfad65080,5c98b55207aa1
11er,2052789845,Dorene,5c98b42dd9ca7,5c98c7925a1fc,5c98baacedff8,5c98b970b7847
12er,66296139,Drema,5c98b42dd9ca7,5c98ca3e6d3ac,5c98bff040b99,5c98baacedff8
7a,2058209491,Duncan,5c98bd907d9c2,5c98d03a167ff,5c98c70931cf4,5c98b383210ea
10er,-611739947,Duwayne,5c98cfe6b4972,5c98b42dd9ca7,5c98ca3e6d3ac,5c98baacedff8
7d,2145186,Dyan,5c98cabb39e37,5c98c70931cf4,5c98cfe6b4972,5c98b383210ea
12er,2061852642,Dyllan,5c98b42dd9ca7,5c98b70ee3ba2,5c98c7925a1fc,5c98b970b7847
7d,2152892,Ebba,5c98bd907d9c2,5c98cabb39e37,5c98d03a167ff,5c98b383210ea
8d,2154900,Eddy,5c98d03a167ff,5c98cfe6b4972,5c98bd907d9c2,5c98b383210ea
10er,66806654,Edith,5c98b42dd9ca7,5c98cfe6b4972,5c98c7925a1fc,5c98ca3e6d3ac
9c,2071405499,Edward,5c98b847c626a,5c98c92c02e6c,5c98b383210ea,5c98ceb21ca28
10er,2075698854,Eileen,5c98be971f9de,5c98cfe6b4972,5c98ca3e6d3ac,5c98af4f7789c
12er,2160005,Eino,5c98b42dd9ca7,5c98ca3e6d3ac,5c98b70ee3ba2,5c98c7925a1fc
7a,2078145826,Elaina,5c98c70931cf4,5c98cfe6b4972,5c98b847c626a,5c98b383210ea
6b,67037101,Elana,5c98cabb39e37,5c98c92c02e6c,5c98c7925a1fc,5c98b2aa9717a
12er,2162502,Elba,5c98bcafc0613,5c98bff040b99,5c98d03a167ff,5c98baacedff8
6a,2078171916,Elbert,5c98c70931cf4,5c98b55207aa1,5c98cfad65080,5c98b2aa9717a
7d,2078241089,Eldora,5c98c92c02e6c,5c98cfe6b4972,5c98cabb39e37,5c98b847c626a
12er,2162719,Elia,5c98b42dd9ca7,5c98ca3e6d3ac,5c98cfe6b4972,5c98af4f7789c
6a,67044458,Elick,5c98ceb21ca28,5c98c92c02e6c,5c98cfad65080,5c98c70931cf4
5b,2162723,Elie,5c98c70931cf4,5c98ceb21ca28,5c98cb36a6a49,5c98b847c626a
10er,7930709,Ellamae,5c98d03a167ff,5c98b42dd9ca7,5c98c7925a1fc,5c98cfe6b4972
8a,8171563,Elliott,5c98bd907d9c2,5c98cfe6b4972,5c98b847c626a,5c98bff040b99
6b,8588466,Ellwood,5c98c70931cf4,5c98b2aa9717a,5c98cfe6b4972,5c98b847c626a
11er,2162843,Elma,5c98c92c02e6c,5c98cfe6b4972,5c98cd8f9f989,5c98c108cd4e3
11er,2162857,Elmo,5c98c7925a1fc,5c98b42dd9ca7,5c98cfe6b4972,5c98b970b7847
10er,2078518818,Elmyra,5c98cfe6b4972,5c98bcafc0613,5c98c7925a1fc,5c98b42dd9ca7
9a,11293806,Elouise,5c98cf446f037,5c98d03a167ff,5c98b383210ea,5c98c5dbe97e5
5c,67057131,Elvie,5c98c70931cf4,5c98c92c02e6c,5c98d03a167ff,5c98cfad65080
11er,2078807028,Elwood,5c98c7925a1fc,5c98cfe6b4972,5c98ca3e6d3ac,5c98c108cd4e3
11er,2079191239,Emelia,5c98cfe6b4972,5c98ca3e6d3ac,5c98b42dd9ca7,5c98bff040b99
11er,2079191243,Emelie,5c98bff040b99,5c98cc9ec9356,5c98baacedff8,5c98b70ee3ba2
6e,67109039,Ennis,5c98b2aa9717a,5c98cfad65080,5c98cfe6b4972,5c98c70931cf4
7b,67223201,Erich,5c98c108cd4e3,5c98cfad65080,5c98b383210ea,5c98c70931cf4
6a,67223442,Erika,5c98c92c02e6c,5c98cfe6b4972,5c98c70931cf4,5c98b2aa9717a
6d,2168609,Erma,5c98cabb39e37,5c98cc059c466,5c98c5dbe97e5,5c98d03a167ff
11er,67228189,Ernie,5c98b42dd9ca7,5c98cfe6b4972,5c98bff040b99,5c98ca3e6d3ac
6a,67228514,Ernst,5c98cb36a6a49,5c98c7925a1fc,5c98cfad65080,5c98c92c02e6c
6c,67255954,Esley,5c98c70931cf4,5c98bbf60a74e,5c98b2aa9717a,5c98cfe6b4972
12er,67262680,Essex,5c98baacedff8,5c98ca3e6d3ac,5c98af4f7789c,5c98b42dd9ca7
7b,1259373324,Estefania,5c98cd8f9f989,5c98c70931cf4,5c98c7925a1fc,5c98b383210ea
11er,-1887051224,Estrella,5c98b42dd9ca7,5c98c7925a1fc,5c98b70ee3ba2,5c98cfe6b4972
9b,67281894,Ether,5c98b383210ea,5c98c5dbe97e5,5c98cf446f037,5c98d03a167ff
10er,67293537,Ettie,5c98b42dd9ca7,5c98c7925a1fc,5c98c92c02e6c,5c98baacedff8
5c,261095836,Eugenie,5c98c70931cf4,5c98d03a167ff,5c98cabb39e37,5c98c92c02e6c
10er,2086844461,Eunice,5c98c108cd4e3,5c98bff040b99,5c98cfe6b4972,5c98c51ca4e5e
10er,2087384273,Evalyn,5c98cfe6b4972,5c98b42dd9ca7,5c98ca3e6d3ac,5c98af4f7789c
6e,288097208,Evelyne,5c98b847c626a,5c98c70931cf4,5c98c92c02e6c,5c98cabb39e37
10er,2173303,Ewin,5c98b42dd9ca7,5c98c7925a1fc,5c98baacedff8,5c98cfe6b4972
9b,67372496,Ewing,5c98c7925a1fc,5c98b383210ea,5c98bff040b99,5c98c5dbe97e5
11er,-399379972,Ezequiel,5c98b42dd9ca7,5c98c7925a1fc,5c98bcafc0613,5c98cc9ec9356
7c,70378,Fae,5c98cfe6b4972,5c98c70931cf4,5c98b383210ea,5c98c108cd4e3
6b,2097130946,Farrah,5c98cfe6b4972,5c98c92c02e6c,5c98cb36a6a49,5c98cfad65080
9c,586553962,Farrell,5c98ceb21ca28,5c98b383210ea,5c98bcafc0613,5c98c5dbe97e5
6a,2182439,Faye,5c98cfe6b4972,5c98d03a167ff,5c98c70931cf4,5c98cc059c466
5a,-154078589,Federico,5c98cfe6b4972,5c98cfad65080,5c98c7925a1fc,5c98cc059c466
12er,695259299,Felicie,5c98bff040b99,5c98b42dd9ca7,5c98c7925a1fc,5c98cfe6b4972
10er,2100638093,Felipa,5c98baacedff8,5c98c108cd4e3,5c98b42dd9ca7,5c98cfe6b4972
11er,2100648646,Felton,5c98c7925a1fc,5c98b42dd9ca7,5c98bff040b99,5c98ca3e6d3ac
6c,2100708228,Fenton,5c98c92c02e6c,5c98cfad65080,5c98cabb39e37,5c98c70931cf4
6b,-978113055,Ferdinand,5c98c70931cf4,5c98c7925a1fc,5c98ceb21ca28,5c98c92c02e6c
12er,2186075,Fern,5c98b42dd9ca7,5c98cc9ec9356,5c98baacedff8,5c98c7925a1fc
12er,2100857374,Festus,5c98cc9ec9356,5c98b70ee3ba2,5c98cfe6b4972,5c98ca3e6d3ac
8d,2106890483,Fleeta,5c98cfad65080,5c98cfe6b4972,5c98b383210ea,5c98b847c626a
5c,898593445,Flonnie,5c98c855ca7b5,5c98c70931cf4,5c98cb36a6a49,5c98cfad65080
12er,2089904664,Florance,5c98ca3e6d3ac,5c98bff040b99,5c98cfe6b4972,5c98d03a167ff
5d,898707565,Florian,5c98c70931cf4,5c98d03a167ff,5c98cc059c466,5c98c92c02e6c
7a,898707645,Florida,5c98cabb39e37,5c98c5dbe97e5,5c98cfe6b4972,5c98c70931cf4
8a,898716453,Florrie,5c98b383210ea,5c98be971f9de,5c98cf446f037,5c98cfe6b4972
11er,2192720,Floy,5c98cfad65080,5c98cfe6b4972,5c98d03a167ff,5c98baacedff8
9c,2195214,Foch,5c98b55207aa1,5c98bff040b99,5c98b383210ea,5c98c92c02e6c
12er,68139370,Franc,5c98cfe6b4972,5c98b70ee3ba2,5c98c108cd4e3,5c98c7925a1fc
6b,1060825621,Freddie,5c98c7925a1fc,5c98cabb39e37,5c98c70931cf4,5c98cfe6b4972
6c,-1474105454,Frederic,5c98c7925a1fc,5c98b2aa9717a,5c98cfad65080,5c98c70931cf4
12er,2112431113,Freeda,5c98b42dd9ca7,5c98c92c02e6c,5c98baacedff8,5c98c7925a1fc
11er,1061104481,Fremont,5c98c92c02e6c,5c98cfe6b4972,5c98cc9ec9356,5c98bff040b99
9a,2112439738,French,5c98c92c02e6c,5c98c657c12ed,5c98b383210ea,5c98c7925a1fc
11er,-2081480769,Gabrielle,5c98cc9ec9356,5c98b42dd9ca7,5c98bff040b99,5c98c108cd4e3
11er,1465808208,Gaither,5c98cfe6b4972,5c98baacedff8,5c98d03a167ff,5c98ca3e6d3ac
10er,2125962998,Gaylen,5c98b42dd9ca7,5c98c7925a1fc,5c98baacedff8,5c98c92c02e6c
12er,68688817,Geoff,5c98c92c02e6c,5c98b42dd9ca7,5c98baacedff8,5c98cfe6b4972
9a,-754299151,Georgiana,5c98b383210ea,5c98bff040b99,5c98c51ca4e5e,5c98b70ee3ba2
5d,1588074282,Geraldo,5c98c70931cf4,5c98b2aa9717a,5c98cfe6b4972,5c98b847c626a
11er,2129454441,Gerrit,5c98c51ca4e5e,5c98b42dd9ca7,5c98c92c02e6c,5c98cfe6b4972
6d,71583,Gia,5c98c70931cf4,5c98bd907d9c2,5c98b847c626a,5c98c7925a1fc
7b,2132720756,Gidget,5c98c92c02e6c,5c98c70931cf4,5c98cf446f037,5c98b847c626a
5c,1069663712,Gilberto,5c98c70931cf4,5c98c92c02e6c,5c98b847c626a,5c98cfad65080
8c,1697410559,Gilmore,5c98b55207aa1,5c98b383210ea,5c98d03a167ff,5c98b847c626a
6b,2133165901,Gisele,5c98c70931cf4,5c98c7925a1fc,5c98b970b7847,5c98bd907d9c2
12er,786595802,Granville,5c98c7925a1fc,5c98b42dd9ca7,5c98baacedff8,5c98cfe6b4972
7d,69159654,Guido,5c98b55207aa1,5c98cabb39e37,5c98c70931cf4,5c98cfad65080
12er,2144107519,Gunnar,5c98ca3e6d3ac,5c98c92c02e6c,5c98c7925a1fc,5c98baacedff8
9a,-2140798949,Hakeem,5c98cfe6b4972,5c98b70ee3ba2,5c98b383210ea,5c98c5dbe97e5
5a,2241694,Hans,5c98c70931cf4,5c98cb36a6a49,5c98b847c626a,5c98c92c02e6c
12er,69496014,Hardy,5c98cfe6b4972,5c98ca3e6d3ac,5c98b42dd9ca7,5c98af4f7789c
8d,-2140573959,Harvie,5c98cf446f037,5c98b383210ea,5c98cfe6b4972,5c98bd907d9c2
6d,69496572,Harvy,5c98b55207aa1,5c98b2aa9717a,5c98c70931cf4,5c98cfe6b4972
12er,-2140547290,Hassan,5c98d03a167ff,5c98c92c02e6c,5c98bff040b99,5c98c108cd4e3
8a,-2140375032,Haylie,5c98c657c12ed,5c98c92c02e6c,5c98b383210ea,5c98c5dbe97e5
9b,69503722,Hazen,5c98c92c02e6c,5c98d03a167ff,5c98b383210ea,5c98c5dbe97e5
5b,-2137295986,Hedwig,5c98baacedff8,5c98bd907d9c2,5c98b2aa9717a,5c98c70931cf4
12er,2245234,Hedy,5c98cfe6b4972,5c98b42dd9ca7,5c98ca3e6d3ac,5c98b970b7847
12er,-2137067381,Helmer,5c98baacedff8,5c98cfe6b4972,5c98b42dd9ca7,5c98d03a167ff
11er,69610052,Helyn,5c98b42dd9ca7,5c98cfad65080,5c98b70ee3ba2,5c98c7925a1fc
11er,-2136888763,Herman,5c98cfe6b4972,5c98ca3e6d3ac,5c98c7925a1fc,5c98b70ee3ba2
11er,-2136822215,Hettie,5c98b42dd9ca7,5c98baacedff8,5c98cfe6b4972,5c98c7925a1fc
11er,-1710092437,Hillery,5c98b970b7847,5c98c7925a1fc,5c98b42dd9ca7,5c98baacedff8
11er,-1473155285,Hilliard,5c98b42dd9ca7,5c98c51ca4e5e,5c98c657c12ed,5c98cfe6b4972
7a,-2133373297,Hilmer,5c98c70931cf4,5c98b383210ea,5c98cb36a6a49,5c98c7925a1fc
12er,-1691614739,Hjalmer,5c98c108cd4e3,5c98b42dd9ca7,5c98baacedff8,5c98cc9ec9356
8b,2255041,Hoke,5c98b383210ea,5c98baacedff8,5c98c5dbe97e5,5c98ceb21ca28
10er,69908307,Homer,5c98b970b7847,5c98c7925a1fc,5c98b42dd9ca7,5c98baacedff8
9a,2281976,Illa,5c98cfe6b4972,5c98c92c02e6c,5c98c51ca4e5e,5c98b847c626a
12er,70930931,Irwin,5c98baacedff8,5c98c51ca4e5e,5c98b70ee3ba2,5c98b42dd9ca7
9c,2288374,Isam,5c98cfe6b4972,5c98b383210ea,5c98b847c626a,5c98bff040b99
5a,70946058,Isham,5c98cabb39e37,5c98cfad65080,5c98c70931cf4,5c98c5dbe97e5
11er,2291386,Iver,5c98b970b7847,5c98b42dd9ca7,5c98baacedff8,5c98cfe6b4972
11er,71118468,Iyana,5c98c92c02e6c,5c98b42dd9ca7,5c98cfe6b4972,5c98baacedff8
9b,71161837,Izora,5c98c7925a1fc,5c98bcafc0613,5c98c5dbe97e5,5c98cfe6b4972
8b,-172750740,Jacalyn,5c98b70ee3ba2,5c98b383210ea,5c98c5dbe97e5,5c98c92c02e6c
12er,2300921,Jace,5c98baacedff8,5c98b42dd9ca7,5c98c7925a1fc,5c98cfe6b4972
9a,-2083771627,Jaclyn,5c98b847c626a,5c98cfe6b4972,5c98c5dbe97e5,5c98b383210ea
7b,-2083769446,Jacoby,5c98c70931cf4,5c98b383210ea,5c98ceb21ca28,5c98cabb39e37
5a,1956047628,Jacquelyn,5c98cb36a6a49,5c98c70931cf4,5c98b847c626a,5c98cfe6b4972
5c,-172266050,Jacques,5c98c92c02e6c,5c98c70931cf4,5c98c7925a1fc,5c98cfad65080
5d,2300952,Jade,5c98c92c02e6c,5c98c70931cf4,5c98b2aa9717a,5c98b55207aa1
10er,-166888990,Jailene,5c98baacedff8,5c98cfe6b4972,5c98b42dd9ca7,5c98cc9ec9356
12er,-2083555185,Jajuan,5c98b42dd9ca7,5c98c7925a1fc,5c98cfe6b4972,5c98baacedff8
12er,-165350495,Jakayla,5c98c108cd4e3,5c98ca3e6d3ac,5c98baacedff8,5c98b42dd9ca7
9b,-2083506590,Jalisa,5c98b383210ea,5c98cfe6b4972,5c98ceb21ca28,5c98c5dbe97e5
10er,-163270785,Jamison,5c98cfe6b4972,5c98c657c12ed,5c98b42dd9ca7,5c98cc9ec9356
8b,-2083446822,Janiya,5c98c7925a1fc,5c98b70ee3ba2,5c98b383210ea,5c98cfe6b4972
8c,-2083331638,Jarett,5c98b383210ea,5c98cc9ec9356,5c98cfe6b4972,5c98baacedff8
12er,-158398354,Jarrett,5c98b42dd9ca7,5c98cfe6b4972,5c98c92c02e6c,5c98ca3e6d3ac
11er,-2083315643,Jarvis,5c98b42dd9ca7,5c98c92c02e6c,5c98cfe6b4972,5c98cc9ec9356
8c,-2083298604,Jasiah,5c98b383210ea,5c98b55207aa1,5c98c3d5e7f8d,5c98c7925a1fc
6b,-2083294506,Jasmin,5c98c70931cf4,5c98bd907d9c2,5c98ceb21ca28,5c98b2aa9717a
10er,-2083294010,Jasmyn,5c98c51ca4e5e,5c98cfe6b4972,5c98ca3e6d3ac,5c98af4f7789c
10er,71346920,Javen,5c98c7925a1fc,5c98baacedff8,5c98b42dd9ca7,5c98c92c02e6c
8a,71349732,Jayce,5c98bff040b99,5c98c5dbe97e5,5c98cfad65080,5c98b383210ea
5a,-2083124657,Jaydan,5c98c70931cf4,5c98ceb21ca28,5c98cfe6b4972,5c98b847c626a
7c,-2083106925,Jayvon,5c98cfe6b4972,5c98b847c626a,5c98c70931cf4,5c98cabb39e37
6c,-2080135557,Jeanna,5c98bd907d9c2,5c98cfe6b4972,5c98bbf60a74e,5c98c70931cf4
8d,-2080135553,Jeanne,5c98bd907d9c2,5c98c7925a1fc,5c98b383210ea,5c98d03a167ff
11er,-1850466438,Jeannine,5c98baacedff8,5c98cc9ec9356,5c98cfe6b4972,5c98b42dd9ca7
6e,74343,Jeb,5c98c70931cf4,5c98cfad65080,5c98b55207aa1,5c98d03a167ff
8d,74345,Jed,5c98bff040b99,5c98c92c02e6c,5c98c7925a1fc,5c98b383210ea
11er,-2079994441,Jeffie,5c98c7925a1fc,5c98c51ca4e5e,5c98c108cd4e3,5c98baacedff8
11er,-47956653,Jenelle,5c98b42dd9ca7,5c98cfe6b4972,5c98c657c12ed,5c98bff040b99
7d,2305120,Jens,5c98c92c02e6c,5c98cfe6b4972,5c98c70931cf4,5c98b847c626a
11er,71462106,Jerad,5c98cfe6b4972,5c98c7925a1fc,5c98b42dd9ca7,5c98bff040b99
9c,-2079630326,Jermey,5c98c5dbe97e5,5c98b383210ea,5c98bff040b99,5c98cfe6b4972
8d,-2079628208,Jerold,5c98cfe6b4972,5c98c5dbe97e5,5c98bbf60a74e,5c98c7925a1fc
5c,-43882006,Jerrell,5c98c70931cf4,5c98cfe6b4972,5c98c92c02e6c,5c98cfad65080
8b,71462858,Jeryl,5c98b383210ea,5c98b847c626a,5c98cfe6b4972,5c98d03a167ff
6c,-2079604465,Jesica,5c98c70931cf4,5c98c7925a1fc,5c98d03a167ff,5c98baacedff8
12er,2308895,Jill,5c98cfe6b4972,5c98ca3e6d3ac,5c98b42dd9ca7,5c98baacedff8
7c,71744079,Joana,5c98b970b7847,5c98cc059c466,5c98cfe6b4972,5c98c70931cf4
11er,2314344,Jobe,5c98c108cd4e3,5c98b70ee3ba2,5c98bcafc0613,5c98b42dd9ca7
8b,-2070783167,Joella,5c98c92c02e6c,5c98cf446f037,5c98c108cd4e3,5c98d03a167ff
8b,-2070783163,Joelle,5c98b383210ea,5c98cfe6b4972,5c98bcafc0613,5c98d03a167ff
8b,-2070775227,Joette,5c98c5dbe97e5,5c98cfe6b4972,5c98c108cd4e3,5c98bff040b99
11er,2314457,Joey,5c98b970b7847,5c98b70ee3ba2,5c98c51ca4e5e,5c98c7925a1fc
11er,-1364908045,Johnpaul,5c98ca3e6d3ac,5c98b42dd9ca7,5c98cfe6b4972,5c98c108cd4e3
6d,236495751,Jolette,5c98cfe6b4972,5c98c70931cf4,5c98b970b7847,5c98b847c626a
5d,71760130,Jordy,5c98cfe6b4972,5c98c70931cf4,5c98b847c626a,5c98cabb39e37
7d,71760203,Jorge,5c98c70931cf4,5c98c108cd4e3,5c98b847c626a,5c98cabb39e37
9c,242960398,Josette,5c98b383210ea,5c98c108cd4e3,5c98bbf60a74e,5c98b847c626a
6a,2320171,Judd,5c98c70931cf4,5c98b970b7847,5c98bbf60a74e,5c98baacedff8
7b,71933135,Jules,5c98c92c02e6c,5c98cf446f037,5c98c70931cf4,5c98baacedff8
7a,2320424,Juli,5c98baacedff8,5c98c70931cf4,5c98b383210ea,5c98cfe6b4972
7d,408371372,Juliana,5c98c70931cf4,5c98cb36a6a49,5c98cabb39e37,5c98cfe6b4972
8a,-225388852,Julianne,5c98b383210ea,5c98cfe6b4972,5c98b847c626a,5c98cd8f9f989
5d,-2064976695,Junior,5c98c7925a1fc,5c98bd907d9c2,5c98c70931cf4,5c98cfe6b4972
6a,415171408,Justina,5c98bd907d9c2,5c98c70931cf4,5c98b2aa9717a,5c98cabb39e37
6e,-2064816982,Justus,5c98cfe6b4972,5c98cc059c466,5c98c70931cf4,5c98b847c626a
7c,715796857,Kadence,5c98cfe6b4972,5c98c7925a1fc,5c98c70931cf4,5c98c855ca7b5
10er,2330781,Kael,5c98b42dd9ca7,5c98baacedff8,5c98c7925a1fc,5c98c92c02e6c
8d,-2054964359,Kailee,5c98b383210ea,5c98c92c02e6c,5c98c5dbe97e5,5c98cfe6b4972
12er,-2054964339,Kailey,5c98b42dd9ca7,5c98c7925a1fc,5c98c92c02e6c,5c98c108cd4e3
9b,871826606,Kaitlynn,5c98c7925a1fc,5c98b847c626a,5c98b383210ea,5c98cfe6b4972
12er,2330987,Kala,5c98cfe6b4972,5c98b42dd9ca7,5c98c108cd4e3,5c98c92c02e6c
5b,72260819,Kaleb,5c98cb36a6a49,5c98c70931cf4,5c98cfad65080,5c98bd907d9c2
7c,723180347,Kaleigh,5c98b383210ea,5c98bd907d9c2,5c98cabb39e37,5c98cfe6b4972
10er,72260831,Kalen,5c98c92c02e6c,5c98b42dd9ca7,5c98c7925a1fc,5c98c108cd4e3
6b,72260842,Kaley,5c98bbf60a74e,5c98cfe6b4972,5c98c70931cf4,5c98cb36a6a49
12er,72260946,Kalie,5c98c7925a1fc,5c98bff040b99,5c98bcafc0613,5c98c92c02e6c
8c,-2054847865,Kamila,5c98b55207aa1,5c98bcafc0613,5c98c7925a1fc,5c98baacedff8
11er,724225729,Kamilah,5c98b42dd9ca7,5c98c7925a1fc,5c98ca3e6d3ac,5c98cfe6b4972
9c,-2054841913,Kamora,5c98c5dbe97e5,5c98b383210ea,5c98baacedff8,5c98cfe6b4972
9b,-2054839420,Kamren,5c98c657c12ed,5c98cfe6b4972,5c98b383210ea,5c98c92c02e6c
10er,724997471,Kandice,5c98cfe6b4972,5c98ca3e6d3ac,5c98af4f7789c,5c98baacedff8
6a,-2054702959,Kareem,5c98cfe6b4972,5c98c92c02e6c,5c98bd907d9c2,5c98b847c626a
11er,-2054696116,Karlie,5c98b42dd9ca7,5c98baacedff8,5c98c7925a1fc,5c98ca3e6d3ac
12er,72266905,Karol,5c98baacedff8,5c98b42dd9ca7,5c98cfe6b4972,5c98d03a167ff
12er,72267215,Karyl,5c98b42dd9ca7,5c98bff040b99,5c98c7925a1fc,5c98baacedff8
5d,2079199209,Katherine,5c98cfe6b4972,5c98b847c626a,5c98cfad65080,5c98cb36a6a49
11er,1175450092,Katheryn,5c98b70ee3ba2,5c98cfe6b4972,5c98ca3e6d3ac,5c98af4f7789c
6c,72268630,Katia,5c98bd907d9c2,5c98cb36a6a49,5c98c3d5e7f8d,5c98c70931cf4
5c,75203,Kay,5c98c92c02e6c,5c98cfad65080,5c98c70931cf4,5c98cc059c466
5a,2331390,Kaya,5c98cb36a6a49,5c98b2aa9717a,5c98c70931cf4,5c98b847c626a
12er,-2054495382,Kayden,5c98cfe6b4972,5c98cc9ec9356,5c98ca3e6d3ac,5c98baacedff8
11er,2331394,Kaye,5c98baacedff8,5c98b42dd9ca7,5c98cfe6b4972,5c98ca3e6d3ac
11er,827801872,Keandre,5c98baacedff8,5c98b42dd9ca7,5c98cfe6b4972,5c98ca3e6d3ac
7a,-2051387632,Keenan,5c98cabb39e37,5c98cb36a6a49,5c98ceb21ca28,5c98cfe6b4972
8a,72377316,Keila,5c98cfe6b4972,5c98b70ee3ba2,5c98b383210ea,5c98c7925a1fc
8d,-2051118930,Kennth,5c98b383210ea,5c98b847c626a,5c98baacedff8,5c98c7925a1fc
8c,-2051001056,Kermit,5c98b383210ea,5c98ceb21ca28,5c98bff040b99,5c98bd907d9c2
7a,72386159,Kerri,5c98cabb39e37,5c98b383210ea,5c98cfe6b4972,5c98c92c02e6c
9c,583874980,Keyshawn,5c98cfad65080,5c98b383210ea,5c98c92c02e6c,5c98b847c626a
11er,-1742105870,Khalilah,5c98b42dd9ca7,5c98cfe6b4972,5c98c657c12ed,5c98c7925a1fc
7b,75427,Kia,5c98c92c02e6c,5c98c7925a1fc,5c98c70931cf4,5c98cabb39e37
11er,-734238731,Kiersten,5c98b42dd9ca7,5c98c51ca4e5e,5c98cfe6b4972,5c98bff040b99
6a,-2047466624,Kimber,5c98b847c626a,5c98cfad65080,5c98c92c02e6c,5c98c70931cf4
5d,72501537,Kinte,5c98cfe6b4972,5c98c70931cf4,5c98c92c02e6c,5c98c7925a1fc
6c,2338814,Kipp,5c98c7925a1fc,5c98b847c626a,5c98cc059c466,5c98b970b7847
11er,958182385,Kirstie,5c98b42dd9ca7,5c98b970b7847,5c98cd8f9f989,5c98d03a167ff
11er,-2047240678,Kittie,5c98baacedff8,5c98b70ee3ba2,5c98b42dd9ca7,5c98c108cd4e3
7c,72513275,Kizzy,5c98c70931cf4,5c98cfe6b4972,5c98c92c02e6c,5c98b383210ea
7a,-2041776423,Korbin,5c98c70931cf4,5c98cfe6b4972,5c98cabb39e37,5c98c855ca7b5
12er,1222309150,Krystal,5c98b42dd9ca7,5c98c51ca4e5e,5c98c108cd4e3,5c98c7925a1fc
10er,2354237,Kyra,5c98cfe6b4972,5c98bcafc0613,5c98d03a167ff,5c98c657c12ed
6d,-2026328392,Laisha,5c98cb36a6a49,5c98b2aa9717a,5c98cc059c466,5c98c92c02e6c
6b,1609889305,Lakisha,5c98c70931cf4,5c98c7925a1fc,5c98b847c626a,5c98cfe6b4972
5d,2360778,Lala,5c98c70931cf4,5c98cfad65080,5c98cfe6b4972,5c98ceb21ca28
5b,-2026194056,Landan,5c98c70931cf4,5c98cb36a6a49,5c98cfe6b4972,5c98b55207aa1
8c,-2026193312,Landyn,5c98be971f9de,5c98c3d5e7f8d,5c98c5dbe97e5,5c98b383210ea
11er,1612542041,Lanette,5c98b42dd9ca7,5c98bff040b99,5c98c7925a1fc,5c98c92c02e6c
10er,73186285,Laney,5c98b42dd9ca7,5c98bff040b99,5c98ca3e6d3ac,5c98baacedff8
8d,-1405042618,Lashonda,5c98bff040b99,5c98b383210ea,5c98c92c02e6c,5c98c5dbe97e5
10er,1618378810,Latoria,5c98b42dd9ca7,5c98be971f9de,5c98c51ca4e5e,5c98bcafc0613
5a,1618385537,Latoyia,5c98c92c02e6c,5c98b2aa9717a,5c98c70931cf4,5c98cfe6b4972
5b,1619379370,Laurene,5c98c92c02e6c,5c98c70931cf4,5c98cb36a6a49,5c98cfe6b4972
5b,1619924098,Lavenia,5c98c92c02e6c,5c98c70931cf4,5c98cfe6b4972,5c98ceb21ca28
8d,1619928101,Laverne,5c98b383210ea,5c98cfe6b4972,5c98c92c02e6c,5c98b847c626a
5b,-2025905628,Lawyer,5c98cb36a6a49,5c98cfe6b4972,5c98b847c626a,5c98bbf60a74e
8c,-2025858673,Laylah,5c98b70ee3ba2,5c98b383210ea,5c98bff040b99,5c98d03a167ff
8a,73293211,Leana,5c98b383210ea,5c98c92c02e6c,5c98b847c626a,5c98ceb21ca28
11er,73303396,Lelar,5c98c7925a1fc,5c98baacedff8,5c98b970b7847,5c98cfe6b4972
11er,-2022520875,Lemmie,5c98b970b7847,5c98b42dd9ca7,5c98c7925a1fc,5c98d03a167ff
10er,2364728,Leon,5c98baacedff8,5c98b64c1443f,5c98cfe6b4972,5c98c108cd4e3
11er,1728231963,Leonard,5c98c108cd4e3,5c98b42dd9ca7,5c98c7925a1fc,5c98cfe6b4972
9b,-2022460336,Leonia,5c98bbf60a74e,5c98c7925a1fc,5c98d03a167ff,5c98baacedff8
6b,1728245418,Leonore,5c98cfe6b4972,5c98c70931cf4,5c98b847c626a,5c98cfad65080
5a,76282,Les,5c98cfe6b4972,5c98baacedff8,5c98b847c626a,5c98d03a167ff
12er,73310471,Lesly,5c98b42dd9ca7,5c98d03a167ff,5c98cfe6b4972,5c98c92c02e6c
12er,-2022260156,Levern,5c98cfe6b4972,5c98baacedff8,5c98b42dd9ca7,5c98c51ca4e5e
6c,73313250,Levin,5c98c70931cf4,5c98cfe6b4972,5c98c92c02e6c,5c98cfad65080
5a,2364956,Levy,5c98b847c626a,5c98b55207aa1,5c98c7925a1fc,5c98c92c02e6c
10er,73315177,Lexis,5c98baacedff8,5c98c7925a1fc,5c98ca3e6d3ac,5c98b42dd9ca7
6c,1830491095,Liberty,5c98c70931cf4,5c98cabb39e37,5c98b970b7847,5c98b847c626a
11er,2368218,Lida,5c98bff040b99,5c98baacedff8,5c98ca3e6d3ac,5c98cfe6b4972
6c,2368466,Lila,5c98c70931cf4,5c98cb36a6a49,5c98cfad65080,5c98b55207aa1
6a,73422550,Lilah,5c98c70931cf4,5c98cfe6b4972,5c98cfad65080,5c98c92c02e6c
9a,73422791,Lilia,5c98b383210ea,5c98baacedff8,5c98bff040b99,5c98cfe6b4972
10er,-2018857654,Liller,5c98b42dd9ca7,5c98cfe6b4972,5c98c7925a1fc,5c98baacedff8
5a,1840305578,Lilyana,5c98cb36a6a49,5c98c3d5e7f8d,5c98baacedff8,5c98bd907d9c2
6a,1841530802,Lindell,5c98c70931cf4,5c98cfe6b4972,5c98b847c626a,5c98bbf60a74e
8b,1841575249,Linette,5c98b970b7847,5c98b383210ea,5c98d03a167ff,5c98bd907d9c2
6e,-2018796167,Linnea,5c98cabb39e37,5c98c70931cf4,5c98c92c02e6c,5c98baacedff8
5c,73425103,Linus,5c98c70931cf4,5c98b2aa9717a,5c98ceb21ca28,5c98cfe6b4972
7b,1842106526,Linwood,5c98c7925a1fc,5c98c70931cf4,5c98cabb39e37,5c98cfe6b4972
5b,2368683,Lisa,5c98c70931cf4,5c98c7925a1fc,5c98cfe6b4972,5c98b847c626a
11er,1393515934,Lisandro,5c98c51ca4e5e,5c98b42dd9ca7,5c98bff040b99,5c98c7925a1fc
11er,73431030,Litzy,5c98b42dd9ca7,5c98c7925a1fc,5c98baacedff8,5c98cfe6b4972
8c,73432401,Livia,5c98b383210ea,5c98cfe6b4972,5c98c5dbe97e5,5c98bff040b99
9c,73596497,Logan,5c98c5dbe97e5,5c98cf446f037,5c98b383210ea,5c98baacedff8
11er,73603463,Lonie,5c98baacedff8,5c98c108cd4e3,5c98cfad65080,5c98ca3e6d3ac
6c,73607183,Loree,5c98cfe6b4972,5c98c92c02e6c,5c98b847c626a,5c98c7925a1fc
5c,2374426,Lori,5c98c70931cf4,5c98c7925a1fc,5c98cfe6b4972,5c98bd907d9c2
7d,2017144967,Loriann,5c98cfe6b4972,5c98c70931cf4,5c98c92c02e6c,5c98b383210ea
12er,-1795003131,Louvenia,5c98cfe6b4972,5c98c7925a1fc,5c98baacedff8,5c98b42dd9ca7
12er,73611047,Lovey,5c98ca3e6d3ac,5c98cfe6b4972,5c98baacedff8,5c98b70ee3ba2
7a,-2013021084,Lovisa,5c98b847c626a,5c98c70931cf4,5c98b383210ea,5c98c92c02e6c
11er,73613848,Loyce,5c98c51ca4e5e,5c98cfe6b4972,5c98b42dd9ca7,5c98ca3e6d3ac
12er,2473,Lu,5c98baacedff8,5c98cd8f9f989,5c98cfe6b4972,5c98b42dd9ca7
8c,-2008046532,Lucian,5c98bd907d9c2,5c98c3d5e7f8d,5c98b383210ea,5c98b55207aa1
5d,-2116312993,Lugenia,5c98cfe6b4972,5c98c70931cf4,5c98b847c626a,5c98d03a167ff
10er,73780376,Lulla,5c98cfe6b4972,5c98ca3e6d3ac,5c98af4f7789c,5c98baacedff8
10er,2380126,Lupe,5c98b42dd9ca7,5c98cfe6b4972,5c98c7925a1fc,5c98baacedff8
12er,2380184,Lura,5c98af4f7789c,5c98c51ca4e5e,5c98ca3e6d3ac,5c98cfe6b4972
12er,73900173,Lyman,5c98c51ca4e5e,5c98b970b7847,5c98c7925a1fc,5c98b42dd9ca7
10er,-2004029317,Lyndia,5c98c7925a1fc,5c98b70ee3ba2,5c98cfe6b4972,5c98b42dd9ca7
7b,74099235,Macey,5c98cfe6b4972,5c98c92c02e6c,5c98b847c626a,5c98c70931cf4
6c,74099339,Macie,5c98c3d5e7f8d,5c98cfad65080,5c98c92c02e6c,5c98cfe6b4972
5b,642381361,Mackenzie,5c98c70931cf4,5c98cc059c466,5c98ceb21ca28,5c98c92c02e6c
5d,2390314,Macy,5c98c70931cf4,5c98c7925a1fc,5c98cfe6b4972,5c98b2aa9717a
9a,-98212674,Madalynn,5c98cc9ec9356,5c98b383210ea,5c98c51ca4e5e,5c98d03a167ff
5b,1364290482,Madeleine,5c98c70931cf4,5c98cfe6b4972,5c98cabb39e37,5c98c7925a1fc
7a,-94518590,Madelynn,5c98c70931cf4,5c98b383210ea,5c98cfe6b4972,5c98b847c626a
12er,-90824506,Madilynn,5c98baacedff8,5c98ca3e6d3ac,5c98b70ee3ba2,5c98bff040b99
11er,-1804039037,Madisen,5c98b70ee3ba2,5c98b42dd9ca7,5c98c51ca4e5e,5c98cfe6b4972
7b,-1804038417,Madisyn,5c98c70931cf4,5c98cabb39e37,5c98cfe6b4972,5c98b383210ea
8a,-1997854383,Madlyn,5c98cfe6b4972,5c98c108cd4e3,5c98bff040b99,5c98b383210ea
9a,-1803562071,Madyson,5c98c108cd4e3,5c98c5dbe97e5,5c98b847c626a,5c98b70ee3ba2
6d,-68881103,Maebelle,5c98c70931cf4,5c98d03a167ff,5c98c7925a1fc,5c98bd907d9c2
9c,-306748960,Magdalene,5c98b383210ea,5c98bff040b99,5c98cc9ec9356,5c98c7925a1fc
11er,74103068,Magen,5c98b42dd9ca7,5c98cfe6b4972,5c98ca3e6d3ac,5c98baacedff8
12er,-1797806748,Makayla,5c98bff040b99,5c98cfe6b4972,5c98ca3e6d3ac,5c98b42dd9ca7
6d,-1796833243,Malcolm,5c98c3d5e7f8d,5c98c70931cf4,5c98bbf60a74e,5c98b847c626a
6a,-1796650448,Malissa,5c98cb36a6a49,5c98b847c626a,5c98cfe6b4972,5c98c70931cf4
10er,-1796472969,Malorie,5c98b42dd9ca7,5c98af4f7789c,5c98baacedff8,5c98c7925a1fc
5d,-1997550056,Manson,5c98c70931cf4,5c98b2aa9717a,5c98cfe6b4972,5c98b847c626a
6a,2390755,Mara,5c98b2aa9717a,5c98cfe6b4972,5c98c92c02e6c,5c98cfad65080
6d,-1791352920,Maranda,5c98cfe6b4972,5c98c70931cf4,5c98c92c02e6c,5c98b847c626a
10er,2390757,Marc,5c98c108cd4e3,5c98b970b7847,5c98b42dd9ca7,5c98c7925a1fc
5b,-1997446580,Marcel,5c98cfe6b4972,5c98c70931cf4,5c98b55207aa1,5c98bbf60a74e
5c,840925716,Marceline,5c98c70931cf4,5c98b847c626a,5c98c7925a1fc,5c98b55207aa1
6e,304221377,Marcella,5c98c70931cf4,5c98cfe6b4972,5c98b970b7847,5c98c7925a1fc
9c,304221381,Marcelle,5c98c5dbe97e5,5c98b383210ea,5c98c51ca4e5e,5c98bff040b99
6d,74113572,Marci,5c98baacedff8,5c98b2aa9717a,5c98cfe6b4972,5c98b55207aa1
5b,-1997446463,Marcie,5c98c70931cf4,5c98cfe6b4972,5c98b847c626a,5c98cc059c466
11er,-555147838,Margaretha,5c98baacedff8,5c98cfad65080,5c98c92c02e6c,5c98b42dd9ca7
9b,-555147462,Margarette,5c98b383210ea,5c98ca3e6d3ac,5c98c5dbe97e5,5c98b847c626a
12er,-1791182509,Margene,5c98c51ca4e5e,5c98c92c02e6c,5c98baacedff8,5c98cfe6b4972
11er,967250309,Margretta,5c98baacedff8,5c98b42dd9ca7,5c98cfe6b4972,5c98ca3e6d3ac
9c,74113750,Maria,5c98c51ca4e5e,5c98be971f9de,5c98b383210ea,5c98cfe6b4972
9a,-1997440942,Mariah,5c98b383210ea,5c98c51ca4e5e,5c98cfe6b4972,5c98c7925a1fc
5d,-1791126761,Mariano,5c98c70931cf4,5c98cfad65080,5c98c7925a1fc,5c98cfe6b4972
6e,-1791109322,Marissa,5c98c70931cf4,5c98cfe6b4972,5c98c855ca7b5,5c98b847c626a
10er,-1997440360,Marita,5c98b70ee3ba2,5c98c51ca4e5e,5c98c108cd4e3,5c98c7925a1fc
11er,310989611,Marjorie,5c98c7925a1fc,5c98d03a167ff,5c98b42dd9ca7,5c98cfe6b4972
5c,-1791063400,Markell,5c98b2aa9717a,5c98cabb39e37,5c98ceb21ca28,5c98cfe6b4972
10er,74113857,Marlo,5c98c92c02e6c,5c98baacedff8,5c98b42dd9ca7,5c98cfe6b4972
11er,-1997437619,Marlon,5c98b42dd9ca7,5c98cfe6b4972,5c98ca3e6d3ac,5c98af4f7789c
7c,-1997431122,Marsha,5c98c92c02e6c,5c98b847c626a,5c98cabb39e37,5c98cf446f037
8d,319076526,Marshall,5c98c3d5e7f8d,5c98b383210ea,5c98ceb21ca28,5c98be971f9de
7a,-1790791386,Martina,5c98cfe6b4972,5c98bd907d9c2,5c98c70931cf4,5c98b383210ea
12er,-1790639690,Marylin,5c98b42dd9ca7,5c98d03a167ff,5c98bcafc0613,5c98c108cd4e3
12er,-1790639194,Marylyn,5c98b42dd9ca7,5c98b70ee3ba2,5c98cfe6b4972,5c98ca3e6d3ac
6a,-1789302221,Mathias,5c98c92c02e6c,5c98cfad65080,5c98cfe6b4972,5c98c70931cf4
8a,366216200,Mathilda,5c98b383210ea,5c98ceb21ca28,5c98b70ee3ba2,5c98c5dbe97e5
12er,-1997370658,Matteo,5c98baacedff8,5c98c7925a1fc,5c98cfe6b4972,5c98b42dd9ca7
11er,77124,Max,5c98cfe6b4972,5c98c51ca4e5e,5c98b42dd9ca7,5c98c92c02e6c
10er,74119520,Maxie,5c98c7925a1fc,5c98b42dd9ca7,5c98bff040b99,5c98c51ca4e5e
11er,-1740439791,Mckenna,5c98b42dd9ca7,5c98cfad65080,5c98c7925a1fc,5c98cfe6b4972
10er,-1994257661,Meadow,5c98bff040b99,5c98d03a167ff,5c98c7925a1fc,5c98cfe6b4972
12er,2394424,Mell,5c98baacedff8,5c98bff040b99,5c98b42dd9ca7,5c98c7925a1fc
7c,-1993919418,Melony,5c98c92c02e6c,5c98cabb39e37,5c98cfe6b4972,5c98b847c626a
5b,-557158472,Menachem,5c98c92c02e6c,5c98c7925a1fc,5c98c70931cf4,5c98b847c626a
10er,74233011,Merle,5c98c92c02e6c,5c98b42dd9ca7,5c98cfe6b4972,5c98c7925a1fc
8d,74239534,Meyer,5c98c5dbe97e5,5c98bd907d9c2,5c98baacedff8,5c98b383210ea
10er,-1576180928,Micaela,5c98b42dd9ca7,5c98baacedff8,5c98c92c02e6c,5c98cfe6b4972
10er,-1575976441,Michael,5c98b42dd9ca7,5c98cfe6b4972,5c98ca3e6d3ac,5c98c7925a1fc
12er,-1575972721,Micheal,5c98baacedff8,5c98af4f7789c,5c98c7925a1fc,5c98b42dd9ca7
7d,74337749,Micky,5c98cfad65080,5c98b847c626a,5c98c7925a1fc,5c98bd907d9c2
6a,2398230,Mike,5c98b847c626a,5c98cfe6b4972,5c98c70931cf4,5c98c7925a1fc
9a,74346157,Milda,5c98cfe6b4972,5c98c51ca4e5e,5c98bcafc0613,5c98b383210ea
11er,-1567767587,Mildred,5c98b42dd9ca7,5c98baacedff8,5c98c108cd4e3,5c98c7925a1fc
11er,74346206,Miles,5c98cfe6b4972,5c98baacedff8,5c98b42dd9ca7,5c98c7925a1fc
6e,74346423,Mills,5c98baacedff8,5c98cfe6b4972,5c98cc059c466,5c98b847c626a
11er,-1990161122,Mintie,5c98b42dd9ca7,5c98c92c02e6c,5c98cd8f9f989,5c98b70ee3ba2
9c,-1990012167,Mistie,5c98cfe6b4972,5c98bff040b99,5c98b70ee3ba2,5c98b383210ea
6e,74354535,Mitzi,5c98c70931cf4,5c98b55207aa1,5c98c92c02e6c,5c98cb36a6a49
8b,77539,Moe,5c98cfe6b4972,5c98c855ca7b5,5c98b383210ea,5c98cc9ec9356
8c,-1399780943,Mohamed,5c98c5dbe97e5,5c98b383210ea,5c98ceb21ca28,5c98b847c626a
12er,350861263,Montgomery,5c98b42dd9ca7,5c98ca3e6d3ac,5c98cfe6b4972,5c98bff040b99
10er,-1984276819,Mozell,5c98cfe6b4972,5c98c7925a1fc,5c98b42dd9ca7,5c98c51ca4e5e
9c,-1218679587,Murdock,5c98b383210ea,5c98b70ee3ba2,5c98cd8f9f989,5c98c92c02e6c
8b,-1975724260,Mychal,5c98bd907d9c2,5c98cfe6b4972,5c98b383210ea,5c98c7925a1fc
6b,74822862,Myles,5c98c70931cf4,5c98c7925a1fc,5c98b970b7847,5c98c3d5e7f8d
5c,-1103692099,Myrtice,5c98c70931cf4,5c98bd907d9c2,5c98cfe6b4972,5c98b970b7847
11er,-909071041,Nallely,5c98baacedff8,5c98b42dd9ca7,5c98cfe6b4972,5c98ca3e6d3ac
12er,75033249,Nanci,5c98c51ca4e5e,5c98c7925a1fc,5c98b42dd9ca7,5c98c108cd4e3
11er,75033431,Nanie,5c98c51ca4e5e,5c98d03a167ff,5c98c7925a1fc,5c98b42dd9ca7
12er,2420584,Nash,5c98bff040b99,5c98baacedff8,5c98b42dd9ca7,5c98c7925a1fc
5c,-902003960,Natalie,5c98c70931cf4,5c98cfe6b4972,5c98bd907d9c2,5c98b847c626a
12er,-902003468,Natalya,5c98cfe6b4972,5c98ca3e6d3ac,5c98af4f7789c,5c98baacedff8
8b,-901805881,Nathaly,5c98cfe6b4972,5c98b383210ea,5c98bff040b99,5c98b847c626a
11er,2424080,Neha,5c98b42dd9ca7,5c98cc9ec9356,5c98ca3e6d3ac,5c98baacedff8
6a,75150776,Nello,5c98c70931cf4,5c98cfad65080,5c98cfe6b4972,5c98cb36a6a49
8d,75160292,Nevin,5c98bff040b99,5c98bbf60a74e,5c98c108cd4e3,5c98b383210ea
10er,-1964964902,Newman,5c98b42dd9ca7,5c98cfe6b4972,5c98ca3e6d3ac,5c98bff040b99
12er,-1964957741,Newton,5c98ca3e6d3ac,5c98b42dd9ca7,5c98d03a167ff,5c98baacedff8
12er,132306912,Nichelle,5c98b970b7847,5c98baacedff8,5c98c92c02e6c,5c98c7925a1fc
6b,-688459096,Nichole,5c98c70931cf4,5c98b847c626a,5c98d03a167ff,5c98c7925a1fc
5d,75268942,Nikki,5c98c70931cf4,5c98bbf60a74e,5c98b2aa9717a,5c98bd907d9c2
7d,2428110,Nina,5c98cfe6b4972,5c98c70931cf4,5c98c108cd4e3,5c98b383210ea
5c,-1961537737,Ninnie,5c98c70931cf4,5c98cb36a6a49,5c98baacedff8,5c98bbf60a74e
8b,75438973,Nobie,5c98c3d5e7f8d,5c98b847c626a,5c98b383210ea,5c98be971f9de
11er,-1956266559,Noelle,5c98c108cd4e3,5c98baacedff8,5c98bff040b99,5c98b42dd9ca7
8b,1586263865,Norberto,5c98cfe6b4972,5c98c5dbe97e5,5c98cfad65080,5c98b383210ea
10er,75454469,Norma,5c98cc9ec9356,5c98d03a167ff,5c98af4f7789c,5c98baacedff8
10er,75454693,North,5c98b42dd9ca7,5c98cfe6b4972,5c98d03a167ff,5c98c7925a1fc
10er,79058,Obe,5c98d03a167ff,5c98b70ee3ba2,5c98c108cd4e3,5c98baacedff8
7a,2451023,Obie,5c98cfe6b4972,5c98b847c626a,5c98c70931cf4,5c98b383210ea
6b,42767643,Octavio,5c98c70931cf4,5c98b2aa9717a,5c98cfe6b4972,5c98b970b7847
7b,79116,Oda,5c98c70931cf4,5c98cd8f9f989,5c98cf446f037,5c98c108cd4e3
8c,-1937914886,Odalys,5c98d03a167ff,5c98c92c02e6c,5c98c7925a1fc,5c98b383210ea
9a,76276159,Olene,5c98cfe6b4972,5c98b847c626a,5c98b70ee3ba2,5c98b383210ea
10er,76276341,Oleta,5c98cfe6b4972,5c98c108cd4e3,5c98b42dd9ca7,5c98ca3e6d3ac
11er,76280247,Oliva,5c98b42dd9ca7,5c98cfe6b4972,5c98c51ca4e5e,5c98baacedff8
5c,2460820,Olof,5c98c70931cf4,5c98cb36a6a49,5c98cfe6b4972,5c98b847c626a
12er,79395,Oma,5c98c108cd4e3,5c98af4f7789c,5c98baacedff8,5c98b42dd9ca7
5c,-1924984242,Orange,5c98cfe6b4972,5c98c70931cf4,5c98bd907d9c2,5c98d03a167ff
6d,76465286,Orpha,5c98cfe6b4972,5c98bd907d9c2,5c98c92c02e6c,5c98c70931cf4
8a,76467252,Orrin,5c98b383210ea,5c98c5dbe97e5,5c98b70ee3ba2,5c98cf446f037
10er,76471094,Orvil,5c98cfe6b4972,5c98baacedff8,5c98b70ee3ba2,5c98ca3e6d3ac
10er,503594857,Oswaldo,5c98b42dd9ca7,5c98c92c02e6c,5c98ca3e6d3ac,5c98d03a167ff
7b,2474087,Ozie,5c98c92c02e6c,5c98c70931cf4,5c98c7925a1fc,5c98cfe6b4972
8b,2479791,Page,5c98cfad65080,5c98be971f9de,5c98b383210ea,5c98c5dbe97e5
5b,1300486161,Patience,5c98c7925a1fc,5c98b847c626a,5c98cfe6b4972,5c98c70931cf4
9c,76886600,Patty,5c98baacedff8,5c98cfe6b4972,5c98b383210ea,5c98c5dbe97e5
10er,1331892168,Paulette,5c98baacedff8,5c98cfe6b4972,5c98bff040b99,5c98b42dd9ca7
10er,76987430,Pearl,5c98bff040b99,5c98c7925a1fc,5c98b42dd9ca7,5c98baacedff8
10er,20091638,Pearlene,5c98c7925a1fc,5c98ca3e6d3ac,5c98cfe6b4972,5c98b42dd9ca7
12er,380274500,Penelope,5c98cd8f9f989,5c98baacedff8,5c98b42dd9ca7,5c98c92c02e6c
8b,77003780,Perry,5c98cfe6b4972,5c98c92c02e6c,5c98c5dbe97e5,5c98cc9ec9356
8a,77005678,Petra,5c98b70ee3ba2,5c98b383210ea,5c98bff040b99,5c98cfe6b4972
5a,2486587,Phil,5c98c92c02e6c,5c98c70931cf4,5c98c7925a1fc,5c98cfad65080
7a,1068910959,Phoenix,5c98c70931cf4,5c98c7925a1fc,5c98cfe6b4972,5c98b383210ea
5a,-1904282422,Pinkey,5c98c70931cf4,5c98b847c626a,5c98cfe6b4972,5c98c92c02e6c
11er,77199291,Pleas,5c98b42dd9ca7,5c98af4f7789c,5c98baacedff8,5c98c92c02e6c
7d,-1898614375,Porsha,5c98cfe6b4972,5c98cabb39e37,5c98c70931cf4,5c98cb36a6a49
9a,1346382288,Presley,5c98cfe6b4972,5c98b847c626a,5c98b383210ea,5c98baacedff8
5a,1346390275,Preston,5c98cfe6b4972,5c98c92c02e6c,5c98bbf60a74e,5c98cabb39e37
7c,77381929,Price,5c98c108cd4e3,5c98c92c02e6c,5c98cf446f037,5c98c70931cf4
5b,-1864717153,Quincy,5c98cfe6b4972,5c98d03a167ff,5c98cb36a6a49,5c98b847c626a
6d,78395179,Quint,5c98c70931cf4,5c98cfe6b4972,5c98c92c02e6c,5c98b847c626a
5c,3518804,Rachelle,5c98cb36a6a49,5c98c70931cf4,5c98cfe6b4972,5c98b2aa9717a
5d,-1854684386,Raegan,5c98c70931cf4,5c98c92c02e6c,5c98cb36a6a49,5c98cfad65080
10er,-1660500671,Raekwon,5c98b42dd9ca7,5c98c7925a1fc,5c98ca3e6d3ac,5c98cfe6b4972
12er,78722128,Rahul,5c98c7925a1fc,5c98c51ca4e5e,5c98b42dd9ca7,5c98baacedff8
5d,-1654228478,Raleigh,5c98c7925a1fc,5c98d03a167ff,5c98b2aa9717a,5c98c70931cf4
10er,78726749,Ramon,5c98baacedff8,5c98c92c02e6c,5c98c7925a1fc,5c98b42dd9ca7
9c,-1854437980,Ramona,5c98cfe6b4972,5c98b383210ea,5c98b70ee3ba2,5c98b847c626a
10er,-1652405308,Randolf,5c98cfe6b4972,5c98ca3e6d3ac,5c98af4f7789c,5c98baacedff8
10er,-1647682336,Rashaad,5c98baacedff8,5c98b42dd9ca7,5c98bff040b99,5c98cfad65080
8a,-1854082366,Raymon,5c98d03a167ff,5c98c7925a1fc,5c98b383210ea,5c98bff040b99
7d,-1641978398,Raymond,5c98b847c626a,5c98c70931cf4,5c98b383210ea,5c98cfe6b4972
12er,-1641961937,Raynard,5c98b42dd9ca7,5c98d03a167ff,5c98cfe6b4972,5c98c108cd4e3
6c,-1851097500,Reason,5c98c70931cf4,5c98baacedff8,5c98c855ca7b5,5c98cfad65080
8d,-564025481,Reinhold,5c98bd907d9c2,5c98b383210ea,5c98c3d5e7f8d,5c98cfe6b4972
8d,78842039,Reino,5c98c108cd4e3,5c98b383210ea,5c98c855ca7b5,5c98b70ee3ba2
6c,-1187708117,Remington,5c98c70931cf4,5c98c92c02e6c,5c98b2aa9717a,5c98b970b7847
9a,-1850727869,Renada,5c98b70ee3ba2,5c98b383210ea,5c98cfe6b4972,5c98c51ca4e5e
5d,-1850727432,Renard,5c98c70931cf4,5c98cabb39e37,5c98cc059c466,5c98b970b7847
10er,2543444,Reno,5c98c92c02e6c,5c98b42dd9ca7,5c98c51ca4e5e,5c98cfe6b4972
6e,-1850518203,Reubin,5c98c92c02e6c,5c98cfe6b4972,5c98b847c626a,5c98cfad65080
8c,82053,Rex,5c98cfe6b4972,5c98b383210ea,5c98b70ee3ba2,5c98b847c626a
11er,78857401,Reyna,5c98ca3e6d3ac,5c98b42dd9ca7,5c98c7925a1fc,5c98bff040b99
11er,78927740,Rheta,5c98ca3e6d3ac,5c98c7925a1fc,5c98baacedff8,5c98b42dd9ca7
6b,2546672,Rhys,5c98c70931cf4,5c98c92c02e6c,5c98d03a167ff,5c98bd907d9c2
10er,2546937,Rice,5c98c51ca4e5e,5c98c7925a1fc,5c98baacedff8,5c98b42dd9ca7
6a,78956171,Ridge,5c98c7925a1fc,5c98c70931cf4,5c98bd907d9c2,5c98cfe6b4972
11er,-1841849031,Robbie,5c98b70ee3ba2,5c98b42dd9ca7,5c98bff040b99,5c98ca3e6d3ac
5c,-1262646529,Roberta,5c98d03a167ff,5c98c70931cf4,5c98cabb39e37,5c98bbf60a74e
9b,-1262646515,Roberto,5c98b383210ea,5c98c5dbe97e5,5c98c7925a1fc,5c98cfe6b4972
8d,2552692,Roby,5c98bff040b99,5c98c657c12ed,5c98b383210ea,5c98baacedff8
9a,79133842,Rocco,5c98b383210ea,5c98c7925a1fc,5c98c5dbe97e5,5c98ceb21ca28
11er,79134028,Rocio,5c98b42dd9ca7,5c98cd8f9f989,5c98cfe6b4972,5c98baacedff8
9c,-1260799826,Roderic,5c98ceb21ca28,5c98b847c626a,5c98ca3e6d3ac,5c98c5dbe97e5
7b,-1841778021,Rodney,5c98ceb21ca28,5c98c92c02e6c,5c98cf446f037,5c98c7925a1fc
8b,-1253219302,Rolland,5c98c3d5e7f8d,5c98ceb21ca28,5c98b383210ea,5c98be971f9de
12er,2553009,Roma,5c98b42dd9ca7,5c98baacedff8,5c98b70ee3ba2,5c98d03a167ff
10er,-1251689689,Ronaldo,5c98b42dd9ca7,5c98cfe6b4972,5c98ca3e6d3ac,5c98c92c02e6c
9b,-1247071434,Rosalyn,5c98c51ca4e5e,5c98c7925a1fc,5c98b383210ea,5c98c92c02e6c
8a,79149390,Rosia,5c98b847c626a,5c98c5dbe97e5,5c98cfe6b4972,5c98b70ee3ba2
7c,-1841335706,Rosina,5c98c70931cf4,5c98bd907d9c2,5c98b383210ea,5c98cabb39e37
10er,-1836235736,Rudolf,5c98b42dd9ca7,5c98baacedff8,5c98bff040b99,5c98cfe6b4972
11er,2558968,Rush,5c98cfe6b4972,5c98c7925a1fc,5c98cfad65080,5c98baacedff8
8c,2558999,Ruth,5c98b383210ea,5c98cfe6b4972,5c98bd907d9c2,5c98c3d5e7f8d
6d,1060301627,Ruthanne,5c98cfe6b4972,5c98c3d5e7f8d,5c98c92c02e6c,5c98c70931cf4
7a,-1832316718,Ryland,5c98c70931cf4,5c98c7925a1fc,5c98b383210ea,5c98cfe6b4972
11er,79650088,Samir,5c98cfad65080,5c98c7925a1fc,5c98b42dd9ca7,5c98cfe6b4972
5b,79650792,Sanai,5c98cfe6b4972,5c98bbf60a74e,5c98c92c02e6c,5c98cfad65080
12er,-764911038,Sanders,5c98baacedff8,5c98cfe6b4972,5c98d03a167ff,5c98b42dd9ca7
6b,-764841861,Sanford,5c98c70931cf4,5c98cfe6b4972,5c98b2aa9717a,5c98cb36a6a49
11er,2063562985,Sanjuana,5c98baacedff8,5c98b42dd9ca7,5c98cfad65080,5c98c7925a1fc
11er,-1825780150,Sannie,5c98c7925a1fc,5c98b42dd9ca7,5c98bcafc0613,5c98baacedff8
12er,-1825665454,Sarita,5c98baacedff8,5c98ca3e6d3ac,5c98bcafc0613,5c98c108cd4e3
6c,-758149460,Saundra,5c98cb36a6a49,5c98b55207aa1,5c98c70931cf4,5c98c3d5e7f8d
9c,-757603736,Savanna,5c98cfe6b4972,5c98b70ee3ba2,5c98b383210ea,5c98c7925a1fc
7a,-1825501571,Sawyer,5c98c70931cf4,5c98b970b7847,5c98bd907d9c2,5c98cb36a6a49
10er,-1822154142,Selene,5c98b42dd9ca7,5c98c657c12ed,5c98cfe6b4972,5c98c92c02e6c
10er,79768398,Selma,5c98bcafc0613,5c98baacedff8,5c98b42dd9ca7,5c98cfe6b4972
10er,2573414,Seth,5c98c7925a1fc,5c98b42dd9ca7,5c98baacedff8,5c98c108cd4e3
6d,-1821830162,Seward,5c98b847c626a,5c98b2aa9717a,5c98c70931cf4,5c98cc059c466
5b,2575704,Shad,5c98c92c02e6c,5c98c70931cf4,5c98baacedff8,5c98cabb39e37
9a,79846925,Shade,5c98ceb21ca28,5c98d03a167ff,5c98c108cd4e3,5c98b383210ea
12er,-576244870,Shameka,5c98c92c02e6c,5c98b42dd9ca7,5c98c7925a1fc,5c98cfe6b4972
12er,-576206603,Shannen,5c98baacedff8,5c98c7925a1fc,5c98cfe6b4972,5c98b42dd9ca7
9c,-682356717,Shantell,5c98c92c02e6c,5c98cfe6b4972,5c98c5dbe97e5,5c98cf446f037
11er,-1819694903,Shavon,5c98c51ca4e5e,5c98bff040b99,5c98b42dd9ca7,5c98c7925a1fc
8c,-674602667,Shawanda,5c98c7925a1fc,5c98c5dbe97e5,5c98b847c626a,5c98b383210ea
11er,-1819693986,Shawna,5c98d03a167ff,5c98c7925a1fc,5c98cfe6b4972,5c98baacedff8
7d,-1819692126,Shayla,5c98c70931cf4,5c98b383210ea,5c98b847c626a,5c98cfe6b4972
12er,-1819585757,Shelbi,5c98baacedff8,5c98d03a167ff,5c98c7925a1fc,5c98cfe6b4972
10er,-572581401,Sheldon,5c98baacedff8,5c98c108cd4e3,5c98cfe6b4972,5c98c7925a1fc
5a,-572566025,Shelton,5c98c7925a1fc,5c98cfad65080,5c98bd907d9c2,5c98c70931cf4
7d,-572564302,Shelvia,5c98bbf60a74e,5c98cc059c466,5c98cf446f037,5c98c70931cf4
10er,2575840,Shep,5c98b70ee3ba2,5c98c7925a1fc,5c98cfe6b4972,5c98b42dd9ca7
12er,-566350385,Shepherd,5c98cfe6b4972,5c98ca3e6d3ac,5c98cd8f9f989,5c98b42dd9ca7
6a,-1819579495,Sherri,5c98c70931cf4,5c98bd907d9c2,5c98c92c02e6c,5c98cfad65080
8d,-1819579479,Sherry,5c98c3d5e7f8d,5c98b383210ea,5c98ceb21ca28,5c98cfe6b4972
12er,-1819579275,Sheryl,5c98bcafc0613,5c98ca3e6d3ac,5c98baacedff8,5c98d03a167ff
11er,-1819473018,Shiela,5c98d03a167ff,5c98b42dd9ca7,5c98c7925a1fc,5c98baacedff8
10er,79855054,Shirl,5c98c7925a1fc,5c98b42dd9ca7,5c98baacedff8,5c98cfe6b4972
7c,-568701182,Shirley,5c98cfe6b4972,5c98c70931cf4,5c98b383210ea,5c98bcafc0613
9c,-1819000131,Shyann,5c98bbf60a74e,5c98c7925a1fc,5c98c51ca4e5e,5c98b383210ea
10er,79870233,Shyla,5c98b42dd9ca7,5c98c7925a1fc,5c98baacedff8,5c98c92c02e6c
6c,-1818761006,Sibbie,5c98b2aa9717a,5c98c92c02e6c,5c98c70931cf4,5c98cfad65080
10er,79878335,Sibyl,5c98baacedff8,5c98cfe6b4972,5c98bff040b99,5c98ca3e6d3ac
6e,83118,Sid,5c98b2aa9717a,5c98c7925a1fc,5c98bd907d9c2,5c98c70931cf4
6d,-1818689996,Sidney,5c98c92c02e6c,5c98bbf60a74e,5c98cfad65080,5c98b55207aa1
9b,-542059121,Sigmund,5c98c92c02e6c,5c98cfe6b4972,5c98b383210ea,5c98c5dbe97e5
8d,-1818596676,Sigrid,5c98b383210ea,5c98bd907d9c2,5c98b847c626a,5c98b70ee3ba2
10er,-1818443987,Silver,5c98cfe6b4972,5c98cd8f9f989,5c98b42dd9ca7,5c98ca3e6d3ac
6a,-1818443866,Silvio,5c98c92c02e6c,5c98c70931cf4,5c98c7925a1fc,5c98cfad65080
5d,-1818422734,Simmie,5c98c7925a1fc,5c98c70931cf4,5c98cfe6b4972,5c98b847c626a
5a,79966089,Slade,5c98c70931cf4,5c98cfe6b4972,5c98b847c626a,5c98baacedff8
9a,-365921678,Soledad,5c98b70ee3ba2,5c98b383210ea,5c98cf446f037,5c98c5dbe97e5
6b,-365615109,Soloman,5c98cb36a6a49,5c98b2aa9717a,5c98c7925a1fc,5c98cc059c466
5d,80068106,Sonia,5c98cb36a6a49,5c98bbf60a74e,5c98d03a167ff,5c98cfe6b4972
12er,-109120075,Sophronia,5c98bff040b99,5c98b42dd9ca7,5c98cfe6b4972,5c98baacedff8
6e,2587246,Stan,5c98cfe6b4972,5c98c70931cf4,5c98b847c626a,5c98c92c02e6c
9c,-232658702,Stanley,5c98be971f9de,5c98b55207aa1,5c98b383210ea,5c98b70ee3ba2
9c,80204864,Starr,5c98b847c626a,5c98c5dbe97e5,5c98cfe6b4972,5c98b383210ea
11er,-1808509297,Stefan,5c98c7925a1fc,5c98b42dd9ca7,5c98baacedff8,5c98b70ee3ba2
8b,-938108799,Stephenie,5c98c5dbe97e5,5c98c7925a1fc,5c98baacedff8,5c98b383210ea
5d,80218181,Stone,5c98c70931cf4,5c98cb36a6a49,5c98cfe6b4972,5c98cfad65080
10er,-1808199472,Stormy,5c98bff040b99,5c98cfe6b4972,5c98b42dd9ca7,5c98c92c02e6c
6d,83491,Sue,5c98c92c02e6c,5c98cfe6b4972,5c98b847c626a,5c98bbf60a74e
10er,-200395060,Suellen,5c98b42dd9ca7,5c98cfe6b4972,5c98c92c02e6c,5c98bff040b99
12er,-1807155970,Sussie,5c98baacedff8,5c98cfe6b4972,5c98c108cd4e3,5c98c51ca4e5e
12er,-181326628,Suzanne,5c98b70ee3ba2,5c98baacedff8,5c98b42dd9ca7,5c98cfe6b4972
7b,2592165,Syed,5c98cfe6b4972,5c98cabb39e37,5c98c70931cf4,5c98b847c626a
11er,-74087495,Syreeta,5c98baacedff8,5c98ca3e6d3ac,5c98bff040b99,5c98cc9ec9356
7b,83836,Tai,5c98c70931cf4,5c98cb36a6a49,5c98b383210ea,5c98c92c02e6c
12er,-1797212503,Tallie,5c98b42dd9ca7,5c98cfe6b4972,5c98baacedff8,5c98bff040b99
5b,80572830,Talon,5c98b2aa9717a,5c98cabb39e37,5c98c7925a1fc,5c98c70931cf4
8d,-1797193194,Tamala,5c98b383210ea,5c98c657c12ed,5c98c5dbe97e5,5c98d03a167ff
5d,-1797189381,Tameka,5c98c70931cf4,5c98cc059c466,5c98cfe6b4972,5c98cfad65080
6d,121831203,Tamisha,5c98c92c02e6c,5c98cfe6b4972,5c98c70931cf4,5c98b2aa9717a
10er,-1797151110,Tanner,5c98d03a167ff,5c98cfe6b4972,5c98b70ee3ba2,5c98ca3e6d3ac
10er,80575049,Tanya,5c98c7925a1fc,5c98baacedff8,5c98bff040b99,5c98cfe6b4972
8a,80582440,Tavon,5c98cfe6b4972,5c98c7925a1fc,5c98b55207aa1,5c98c3d5e7f8d
11er,-1793764435,Teddie,5c98cc9ec9356,5c98c92c02e6c,5c98b42dd9ca7,5c98b64c1443f
8c,80691888,Tella,5c98b70ee3ba2,5c98c92c02e6c,5c98c5dbe97e5,5c98cf446f037
10er,2603012,Tena,5c98b42dd9ca7,5c98c7925a1fc,5c98c108cd4e3,5c98baacedff8
11er,240722128,Terance,5c98b42dd9ca7,5c98cc9ec9356,5c98baacedff8,5c98ca3e6d3ac
8c,-1793346090,Terese,5c98cfe6b4972,5c98b383210ea,5c98b847c626a,5c98cfad65080
8a,-1112106276,Terrence,5c98b383210ea,5c98b55207aa1,5c98c108cd4e3,5c98c5dbe97e5
11er,80697864,Terry,5c98c92c02e6c,5c98c7925a1fc,5c98baacedff8,5c98cfe6b4972
12er,80701418,Tevin,5c98baacedff8,5c98ca3e6d3ac,5c98c7925a1fc,5c98cfe6b4972
5a,80774286,Theda,5c98c92c02e6c,5c98cabb39e37,5c98c70931cf4,5c98b2aa9717a
10er,314694607,Thedore,5c98c7925a1fc,5c98be971f9de,5c98cfe6b4972,5c98baacedff8
12er,329885059,Thurlow,5c98bcafc0613,5c98c108cd4e3,5c98bff040b99,5c98baacedff8
7d,80800667,Tiara,5c98c70931cf4,5c98b847c626a,5c98b383210ea,5c98cabb39e37
11er,351044142,Timothy,5c98b42dd9ca7,5c98c51ca4e5e,5c98cfe6b4972,5c98ca3e6d3ac
12er,80817655,Tisha,5c98c7925a1fc,5c98b42dd9ca7,5c98baacedff8,5c98cfe6b4972
8b,2612315,Todd,5c98cfe6b4972,5c98b847c626a,5c98bff040b99,5c98b70ee3ba2
8d,2612591,Toma,5c98c5dbe97e5,5c98b383210ea,5c98bd907d9c2,5c98baacedff8
10er,80990436,Tomas,5c98bcafc0613,5c98cfe6b4972,5c98ca3e6d3ac,5c98af4f7789c
11er,80991472,Tonda,5c98b42dd9ca7,5c98c7925a1fc,5c98bcafc0613,5c98b70ee3ba2
10er,80995774,Torry,5c98cfe6b4972,5c98c92c02e6c,5c98ca3e6d3ac,5c98bff040b99
8b,1448052431,Treasure,5c98b383210ea,5c98cf446f037,5c98c3d5e7f8d,5c98c7925a1fc
10er,1458602165,Tremayne,5c98c7925a1fc,5c98b42dd9ca7,5c98ca3e6d3ac,5c98af4f7789c
8c,601516505,Trevion,5c98c3d5e7f8d,5c98cfe6b4972,5c98b383210ea,5c98b847c626a
9b,2615250,Trey,5c98b383210ea,5c98c5dbe97e5,5c98ceb21ca28,5c98cf446f037
6e,-1781602216,Trilby,5c98cfe6b4972,5c98c70931cf4,5c98c92c02e6c,5c98cfad65080
7d,1916653205,Trumaine,5c98c7925a1fc,5c98bd907d9c2,5c98c92c02e6c,5c98b55207aa1
12er,-1778561526,Turner,5c98b42dd9ca7,5c98c51ca4e5e,5c98c7925a1fc,5c98ca3e6d3ac
12er,84576,Tye,5c98c51ca4e5e,5c98baacedff8,5c98cfe6b4972,5c98bff040b99
9b,81293267,Tyrek,5c98b847c626a,5c98b383210ea,5c98ca3e6d3ac,5c98bbf60a74e
10er,81293268,Tyrel,5c98d03a167ff,5c98baacedff8,5c98ca3e6d3ac,5c98c51ca4e5e
10er,81293580,Tyron,5c98cfe6b4972,5c98ca3e6d3ac,5c98c92c02e6c,5c98c7925a1fc
11er,81293771,Tyrus,5c98b42dd9ca7,5c98c7925a1fc,5c98baacedff8,5c98cfe6b4972
7c,1379812394,Unknown,5c98cabb39e37,5c98c5dbe97e5,5c98c108cd4e3,5c98c70931cf4
10er,-1752975035,Urijah,5c98b42dd9ca7,5c98c51ca4e5e,5c98c7925a1fc,5c98b64c1443f
11er,82539240,Velva,5c98d03a167ff,5c98c7925a1fc,5c98b42dd9ca7,5c98c92c02e6c
12er,2662594,Vena,5c98b42dd9ca7,5c98b970b7847,5c98c7925a1fc,5c98c51ca4e5e
5c,82541149,Venus,5c98c70931cf4,5c98bbf60a74e,5c98c7925a1fc,5c98b2aa9717a
11er,82541813,Veola,5c98cfe6b4972,5c98b42dd9ca7,5c98ca3e6d3ac,5c98af4f7789c
5c,82544448,Verda,5c98b2aa9717a,5c98c70931cf4,5c98c92c02e6c,5c98baacedff8
6b,2015810500,Verdell,5c98c70931cf4,5c98cc059c466,5c98cfe6b4972,5c98b2aa9717a
8d,2662722,Vere,5c98c657c12ed,5c98cfe6b4972,5c98b383210ea,5c98bff040b99
5c,82544700,Verle,5c98c92c02e6c,5c98c7925a1fc,5c98cfad65080,5c98c70931cf4
11er,-1736081371,Verlie,5c98af4f7789c,5c98b970b7847,5c98c51ca4e5e,5c98c7925a1fc
5d,-1736081362,Verlin,5c98b2aa9717a,5c98cfe6b4972,5c98c70931cf4,5c98cabb39e37
10er,82544758,Verna,5c98c7925a1fc,5c98baacedff8,5c98cfe6b4972,5c98b42dd9ca7
5a,-1925148629,Vernelle,5c98b970b7847,5c98c70931cf4,5c98d03a167ff,5c98b2aa9717a
7b,-1925140697,Vernetta,5c98c70931cf4,5c98b383210ea,5c98cabb39e37,5c98c92c02e6c
12er,82545905,Vesta,5c98cfe6b4972,5c98b42dd9ca7,5c98d03a167ff,5c98c51ca4e5e
5c,2662780,Veta,5c98cfe6b4972,5c98c70931cf4,5c98c92c02e6c,5c98cfad65080
6e,-1732835113,Vickie,5c98cfe6b4972,5c98c70931cf4,5c98b847c626a,5c98b2aa9717a
9c,-1732826265,Victor,5c98c92c02e6c,5c98cfe6b4972,5c98b847c626a,5c98b383210ea
7b,2116960754,Victory,5c98baacedff8,5c98c70931cf4,5c98b383210ea,5c98c92c02e6c
8c,82658125,Vilma,5c98c7925a1fc,5c98c5dbe97e5,5c98b383210ea,5c98bff040b99
11er,-1732394975,Virdie,5c98cfad65080,5c98b42dd9ca7,5c98baacedff8,5c98c92c02e6c
10er,82663709,Virge,5c98bff040b99,5c98ca3e6d3ac,5c98b42dd9ca7,5c98cfe6b4972
6e,-1732392096,Virgia,5c98b2aa9717a,5c98c70931cf4,5c98cfe6b4972,5c98b847c626a
6e,-1732271121,Vivien,5c98cfe6b4972,5c98b847c626a,5c98c70931cf4,5c98cabb39e37
6d,-1727024907,Vollie,5c98b847c626a,5c98c70931cf4,5c98b2aa9717a,5c98cfe6b4972
7d,-1727023089,Volney,5c98bd907d9c2,5c98cabb39e37,5c98c70931cf4,5c98be971f9de
7b,-1726963403,Vonnie,5c98c70931cf4,5c98c92c02e6c,5c98b847c626a,5c98b383210ea
10er,-1511476647,Wallace,5c98c7925a1fc,5c98cfe6b4972,5c98b42dd9ca7,5c98c92c02e6c
8a,2688668,Ward,5c98b383210ea,5c98ceb21ca28,5c98c92c02e6c,5c98bcafc0613
6a,-1710937045,Wayman,5c98cb36a6a49,5c98c7925a1fc,5c98bd907d9c2,5c98c70931cf4
11er,-1707623083,Welton,5c98c51ca4e5e,5c98b42dd9ca7,5c98bff040b99,5c98baacedff8
5a,-1707450409,Werner,5c98b2aa9717a,5c98c70931cf4,5c98c7925a1fc,5c98b847c626a
8c,-1707422533,Wesley,5c98b383210ea,5c98cfe6b4972,5c98baacedff8,5c98b847c626a
12er,-1707414546,Weston,5c98b42dd9ca7,5c98af4f7789c,5c98cfe6b4972,5c98c92c02e6c
12er,-1317735128,Wheeler,5c98ca3e6d3ac,5c98d03a167ff,5c98b42dd9ca7,5c98c92c02e6c
7d,-1703946603,Wilber,5c98c70931cf4,5c98cf446f037,5c98c7925a1fc,5c98c92c02e6c
7c,-1282737025,Wilbert,5c98cfe6b4972,5c98c70931cf4,5c98cabb39e37,5c98bd907d9c2
7d,-1282721655,Wilburn,5c98c7925a1fc,5c98cfe6b4972,5c98b847c626a,5c98c70931cf4
6b,-1280369220,Winston,5c98b847c626a,5c98cfe6b4972,5c98c92c02e6c,5c98c70931cf4
5b,2696372,Wirt,5c98cabb39e37,5c98b55207aa1,5c98c7925a1fc,5c98b2aa9717a
5c,2806,Wm,5c98b55207aa1,5c98c92c02e6c,5c98bd907d9c2,5c98c70931cf4
9b,-1698314071,Woodie,5c98d03a167ff,5c98b383210ea,5c98c5dbe97e5,5c98c51ca4e5e
5a,-1682644116,Xander,5c98ceb21ca28,5c98c855ca7b5,5c98cfe6b4972,5c98c70931cf4
12er,2747985,Yair,5c98b42dd9ca7,5c98cfe6b4972,5c98b70ee3ba2,5c98baacedff8
6b,-1653894632,Yareli,5c98cfe6b4972,5c98c92c02e6c,5c98c7925a1fc,5c98c855ca7b5
9a,-1653857241,Yasmin,5c98b70ee3ba2,5c98bff040b99,5c98cfe6b4972,5c98b847c626a
6b,2761711,York,5c98c70931cf4,5c98c92c02e6c,5c98cfe6b4972,5c98cc059c466
7a,841568553,Yuridia,5c98c70931cf4,5c98cabb39e37,5c98cfe6b4972,5c98b383210ea
5a,1142604028,Zachary,5c98c92c02e6c,5c98b847c626a,5c98cfad65080,5c98b55207aa1
8a,1142607872,Zachery,5c98c5dbe97e5,5c98cfe6b4972,5c98b383210ea,5c98b847c626a
5d,2777762,Zaid,5c98cabb39e37,5c98cfe6b4972,5c98bbf60a74e,5c98bd907d9c2
11er,89721,Zed,5c98c92c02e6c,5c98b42dd9ca7,5c98ca3e6d3ac,5c98cfe6b4972
8b,86232766,Zelda,5c98b383210ea,5c98cf446f037,5c98cfe6b4972,5c98c5dbe97e5
12er,86233045,Zelma,5c98cfe6b4972,5c98ca3e6d3ac,5c98b42dd9ca7,5c98af4f7789c
7b,-1621497497,Zettie,5c98c70931cf4,5c98c92c02e6c,5c98cabb39e37,5c98cf446f037
10er,-1618045830,Zilpah,5c98c51ca4e5e,5c98baacedff8,5c98b42dd9ca7,5c98cfe6b4972