Klasse, Name, Vorname, Projekt Nr., Wunsch
10er,-1112225440,Terrance,5c98cc9ec9356,1
10er,-1152881,Roseanna,5c98be971f9de,2
10er,-1246952270,Roselyn,5caf3886dd0a5,1
10er,-1361299414,Hurbert,5c98bff040b99,1
10er,-1528593728,Rexford,5c98ca3e6d3ac,1
10er,-1531614970,Hosteen,5caf36d8bfd91,1
10er,-1789824335,Tillie,5c98c108cd4e3,4
10er,-1791033558,Marlena,5c98baacedff8,1
10er,-1796938232,Taurus,5c98bcafc0613,3
10er,-1806011762,Mabelle,5c98be971f9de,1
10er,-1832316718,Ryland,5c98c92c02e6c,2
10er,-1854660239,Rafael,5caf36d8bfd91,1
10er,-1898478739,Powell,5c98b70ee3ba2,2
10er,-1911334251,Payten,5c98b42dd9ca7,1
10er,-1911709798,Pamala,5c98cd8f9f989,1
10er,-1925140697,Vernetta,5c98bff040b99,1
10er,-1947143883,Nyasia,5c98bff040b99,1
10er,-1955885759,Noreta,5c98b70ee3ba2,1
10er,-1993743225,Merlyn,5caf3886dd0a5,1
10er,-2047466624,Kimber,5c98c92c02e6c,1
10er,-2048737917,Khalid,5c98cc9ec9356,3
10er,-2051276028,Keifer,5c98cc9ec9356,1
10er,-2083531138,Jakobe,5c98be971f9de,1
10er,-2127515613,Howard,5c98c92c02e6c,2
10er,-392890061,Cornelious,5caf3886dd0a5,1
10er,-402939622,Cordella,5caf39505cfd8,2
10er,-542059121,Sigmund,5c98c51ca4e5e,1
10er,-611739947,Duwayne,5c98c7925a1fc,1
10er,-842720946,Celestino,5c98d03a167ff,4
10er,-98228059,Madaline,5c98bff040b99,1
10er,1057436174,Frankie,5c98be971f9de,1
10er,1331572639,Bartley,5c98be971f9de,1
10er,1414472206,Guadalupe,5c98ca3e6d3ac,1
10er,1498762576,Abigayle,5c98af4f7789c,1
10er,1725255428,Algernon,5c98cc9ec9356,1
10er,1727589922,Lenwood,5c98b970b7847,3
10er,1903973948,Burnice,5c98baacedff8,1
10er,1956739671,Adrain,5c98b42dd9ca7,1
10er,1963659057,Albion,5caf36d8bfd91,2
10er,1963982560,Almeda,5c98be971f9de,2
10er,1965651118,Angelo,5c98cfad65080,1
10er,1979511240,Christal,5c98b64c1443f,1
10er,1998035753,Brigid,5c98c7925a1fc,2
10er,2015810500,Verdell,5caf39505cfd8,1
10er,2021010576,Clemon,5c98be971f9de,1
10er,2024169071,Cornel,5caf39505cfd8,2
10er,2035626,Adah,5caf3579623ff,4
10er,2039661310,Dakoda,5caf36d8bfd91,1
10er,2043061483,Deasia,5caf3886dd0a5,1
10er,2044720,Amos,5c98cc9ec9356,1
10er,2044774945,Mansfield,5caf39505cfd8,2
10er,2047620225,Gustave,5c98b970b7847,2
10er,2049480,Arne,5c98bff040b99,1
10er,2052667033,Donato,5caf36d8bfd91,1
10er,2084403462,Erykah,5c98b42dd9ca7,1
10er,2100638097,Felipe,5c98bcafc0613,3
10er,2100648646,Felton,5caf36d8bfd91,2
10er,2111569,Cuba,5caf3886dd0a5,1
10er,2126232,Deja,5c98cfad65080,2
10er,2154053,Echo,5c98cd8f9f989,1
10er,2171647,Eura,5c98c7925a1fc,1
10er,2172333,Evie,5c98b970b7847,1
10er,2260915,Hunt,5c98ca3e6d3ac,1
10er,2300948,Jada,5caf3886dd0a5,3
10er,2301258,Jana,5c98b42dd9ca7,1
10er,2374418,Lora,5c98bcafc0613,1
10er,2379998,Lula,5c98c92c02e6c,2
10er,2380018,Lulu,5caf39505cfd8,1
10er,2427783,Nico,5c98d03a167ff,5
10er,254539589,Fernanda,5caf36d8bfd91,2
10er,2552772,Roel,5c98cfad65080,1
10er,2605944,Thos,5c98af4f7789c,1
10er,2688789,Wava,5c98b970b7847,2
10er,315102102,Therese,5c98cc9ec9356,2
10er,335068527,Priscilla,5caf36d8bfd91,2
10er,63373149,Amaya,5c98cfad65080,2
10er,63405526,Andon,5caf3886dd0a5,3
10er,63591531,Atlas,5caf39505cfd8,1
10er,65604,Abe,5c98b42dd9ca7,1
10er,65801899,Darcy,5caf36d8bfd91,3
10er,65808943,Dayna,5c98cfad65080,1
10er,67290568,Carolynn,5c98af4f7789c,1
10er,69606513,Heidi,5caf39505cfd8,2
10er,69611283,Hence,5c98cd8f9f989,1
10er,70929970,Irvin,5c98cfe6b4972,1
10er,71462638,Jerri,5caf3579623ff,3
10er,72260819,Kaleb,5c98ca3e6d3ac,1
10er,728850612,Karissa,5c98c51ca4e5e,1
10er,73316213,Leyla,5caf36d8bfd91,1
10er,74119520,Maxie,5c98b970b7847,2
10er,74121442,Mazie,5c98c92c02e6c,2
10er,75023817,Nadia,5c98c51ca4e5e,1
10er,75033249,Nanci,5c98be971f9de,1
10er,75264915,Nigel,5c98cfad65080,1
10er,753604474,Allyson,5c98cc9ec9356,2
10er,755859706,Claribel,5c98b64c1443f,1
10er,76875606,Paige,5c98cc9ec9356,2
10er,76987430,Pearl,5caf3886dd0a5,3
10er,76999812,Penny,5c98cd8f9f989,1
10er,78727380,Randy,5caf3886dd0a5,1
10er,79882788,Signa,5c98be971f9de,1
10er,813416159,Tyreese,5c98cd8f9f989,1
10er,82659741,Vince,5c98c108cd4e3,2
10er,840925716,Marceline,5c98cd8f9f989,1
10er,85791710,Yurem,5c98ca3e6d3ac,1
10er,86111157,Zaire,5caf3886dd0a5,2
11er,-1192475182,Dangelo,5c98cd8f9f989,1
11er,-1354901252,Ethelene,5c98c657c12ed,1
11er,-151169904,Jazlynn,5c98ca3e6d3ac,1
11er,-1568788916,Mikaila,5c98b970b7847,1
11er,-1689097930,Wynona,5caf3886dd0a5,2
11er,-1703929960,Wilson,5caf39505cfd8,2
11er,-1707579189,Wendel,5c98b42dd9ca7,1
11er,-1710937045,Wayman,5c98c51ca4e5e,1
11er,-1736081176,Verlon,5c98cfe6b4972,1
11er,-1781711564,Trevin,5c98c92c02e6c,2
11er,-1790026831,Tierra,5caf3886dd0a5,2
11er,-1803644321,Symone,5c98b70ee3ba2,2
11er,-1803667544,Sylvia,5c98c51ca4e5e,1
11er,-1808631105,Stacie,5c98b970b7847,3
11er,-1851081548,Rebeca,5c98cfe6b4972,3
11er,-1928564064,Oneida,5c98c92c02e6c,2
11er,-1937788203,Odette,5c98b970b7847,1
11er,-1937789199,Odessa,5c98bff040b99,1
11er,-1975673952,Cecelia,5caf3886dd0a5,1
11er,-1993919418,Melony,5c98baacedff8,1
11er,-1995356952,Lyndsay,5c98baacedff8,1
11er,-1997418522,Masako,5c98b970b7847,2
11er,-1997444444,Mareli,5c98c51ca4e5e,1
11er,-1997550056,Manson,5c98cfe6b4972,1
11er,-2008046408,Lucien,5c98c7925a1fc,2
11er,-2048737909,Khalil,5c98ca3e6d3ac,1
11er,-2051180882,Kelley,5c98baacedff8,1
11er,-2070403652,Jordin,5caf36d8bfd91,2
11er,-2083116721,Jaylin,5c98ca3e6d3ac,1
11er,-2083811768,Jabbar,5c98b70ee3ba2,1
11er,-2090294288,Iyanna,5c98cfad65080,1
11er,-2096138123,Irving,5c98b64c1443f,1
11er,-2102460178,Luvenia,5caf36d8bfd91,2
11er,-254065157,Montrell,5c98cd8f9f989,1
11er,-4524066,Rosalind,5c98b64c1443f,1
11er,-481327582,Coolidge,5c98cd8f9f989,1
11er,-520400627,Kimberly,5c98b70ee3ba2,2
11er,-568701078,Shirlie,5c98c92c02e6c,4
11er,-572388893,Sherryl,5c98bff040b99,1
11er,-576110627,Shaquan,5caf3886dd0a5,2
11er,-709000989,Anjelica,5c98baacedff8,1
11er,-792522513,Domingo,5c98c51ca4e5e,1
11er,-967128854,Ryleigh,5c98cfad65080,1
11er,1173898377,Giovanna,5c98c92c02e6c,1
11er,1175330928,Katharyn,5c98c51ca4e5e,1
11er,1175450092,Katheryn,5c98cd8f9f989,1
11er,1331506790,Barrett,5c98b42dd9ca7,1
11er,1346382288,Presley,5c98c92c02e6c,2
11er,1467790759,Marybelle,5c98b42dd9ca7,1
11er,1480403126,Gaynell,5c98bcafc0613,5
11er,1700435667,Giovani,5c98af4f7789c,1
11er,1841544052,Lindsey,5c98af4f7789c,1
11er,1964353971,Alyssa,5c98cc9ec9356,1
11er,1965725287,Anitra,5c98c51ca4e5e,1
11er,1969400992,Ariane,5c98c92c02e6c,2
11er,1969490364,Arland,5c98b70ee3ba2,1
11er,1969553992,Arnett,5c98af4f7789c,1
11er,1978028853,Esequiel,5caf3886dd0a5,1
11er,1979511364,Christel,5c98b70ee3ba2,4
11er,1989572227,Biddie,5caf39505cfd8,2
11er,2011271496,Casper,5c98bcafc0613,2
11er,2011274490,Cassie,5c98c92c02e6c,3
11er,2016205921,Cristina,5c98b42dd9ca7,1
11er,2020898750,Claude,5c98ca3e6d3ac,1
11er,2024160694,Corene,5c98cfad65080,1
11er,2039688143,Dallas,5c98cfad65080,1
11er,2043078099,Debera,5c98b970b7847,1
11er,2043383808,Delmus,5caf36d8bfd91,3
11er,2044527,Amil,5c98cfad65080,1
11er,2049428,Arlo,5c98b970b7847,1
11er,2050251,Asha,5caf39505cfd8,2
11er,2052924,Avah,5c98cfad65080,1
11er,2057920365,Dudley,5c98c92c02e6c,1
11er,2066391,Beau,5c98bcafc0613,3
11er,2096645647,Fabian,5c98c7925a1fc,3
11er,2122512,Dana,5c98b70ee3ba2,1
11er,2132964720,Gilman,5caf36d8bfd91,1
11er,2144262244,Gustav,5c98c51ca4e5e,1
11er,2162723,Elie,5c98baacedff8,1
11er,2165695,Eola,5c98baacedff8,1
11er,2284921,Iona,5caf3579623ff,4
11er,2331259,Katy,5c98c51ca4e5e,1
11er,238223049,Jonatan,5c98c7925a1fc,2
11er,2428025,Niki,5c98ca3e6d3ac,1
11er,2553013,Rome,5c98d03a167ff,3
11er,259151849,Bridgett,5c98c51ca4e5e,1
11er,2666638,Vito,5c98af4f7789c,1
11er,42715996,Hamilton,5c98c7925a1fc,1
11er,464808897,Orlando,5c98d03a167ff,4
11er,63031697,Aaron,5c98c92c02e6c,2
11er,63350860,Alisa,5c98bff040b99,1
11er,63599453,Attie,5c98cfad65080,1
11er,64878843,Carry,5c98b970b7847,1
11er,65111195,Cilla,5c98b970b7847,1
11er,65203637,Clora,5caf39505cfd8,1
11er,65796295,Dalia,5c98c7925a1fc,2
11er,65910,Ala,5c98c51ca4e5e,1
11er,67044839,Eliot,5c98cfe6b4972,2
11er,67057140,Elvin,5caf36d8bfd91,2
11er,673672625,Monserrat,5caf36d8bfd91,2
11er,69482580,Haden,5c98b42dd9ca7,1
11er,69496552,Harve,5caf3886dd0a5,3
11er,69728831,Hilma,5c98b70ee3ba2,1
11er,71337620,Jalon,5c98af4f7789c,1
11er,71463630,Jessi,5c98c7925a1fc,2
11er,71760203,Jorge,5c98af4f7789c,1
11er,72261451,Kalyn,5c98baacedff8,1
11er,72270751,Kavon,5c98cc9ec9356,1
11er,72373534,Keena,5c98cfad65080,1
11er,73607590,Lorri,5c98bff040b99,1
11er,74346157,Milda,5c98b42dd9ca7,1
11er,74522454,Moira,5caf3886dd0a5,2
11er,75268872,Nikia,5c98af4f7789c,2
11er,76458789,Orion,5c98c7925a1fc,1
11er,76471101,Orvis,5c98cc9ec9356,2
11er,78722128,Rahul,5c98d03a167ff,3
11er,79133562,Robyn,5caf3886dd0a5,1
11er,79136091,Roena,5c98b970b7847,1
11er,79144348,Ronal,5c98c51ca4e5e,2
11er,79316033,Rufus,5caf36d8bfd91,4
11er,79878335,Sibyl,5caf36d8bfd91,2
11er,80364497,Sylva,5c98cfad65080,1
11er,80583381,Tawny,5c98c7925a1fc,3
11er,80691888,Tella,5c98b64c1443f,1
11er,81072754,Treva,5caf39505cfd8,1
11er,81087596,Trudy,5caf3886dd0a5,2
11er,817948030,Antonia,5c98b70ee3ba2,2
11er,958182385,Kirstie,5c98af4f7789c,1
12er,-1088732554,Rudolph,5c98cd8f9f989,1
12er,-1216197536,Prentiss,5c98af4f7789c,1
12er,-1221180579,Kristine,5c98cd8f9f989,1
12er,-1244572014,Earnestine,5c98bff040b99,1
12er,-1260507763,Rodolfo,5c98d03a167ff,3
12er,-1473726998,Fredrick,5c98c92c02e6c,1
12er,-162341938,Janiyah,5c98c108cd4e3,3
12er,-1652414912,Randell,5c98bff040b99,1
12er,-1652418756,Randall,5c98b64c1443f,1
12er,-1675625367,Corbett,5c98b42dd9ca7,2
12er,-1711079800,Watson,5c98cfad65080,1
12er,-1774875670,Tyrese,5c98cc9ec9356,2
12er,-1776647955,Claudio,5c98ca3e6d3ac,1
12er,-1789269472,Matilda,5c98d03a167ff,4
12er,-1796825021,Taylor,5c98c657c12ed,1
12er,-1808493921,Stevan,5c98c7925a1fc,4
12er,-1819579479,Sherry,5c98ca3e6d3ac,1
12er,-1819702945,Shanda,5c98c51ca4e5e,1
12er,-1819704513,Shalon,5c98bff040b99,1
12er,-1908356869,Pearla,5c98b42dd9ca7,1
12er,-1925148629,Vernelle,5c98b64c1443f,1
12er,-1967355195,Celesta,5c98af4f7789c,1
12er,-1994257661,Meadow,5c98c92c02e6c,2
12er,-1997228316,Maymie,5c98b42dd9ca7,1
12er,-2008046532,Lucian,5c98b70ee3ba2,1
12er,-2039257314,Krista,5c98c92c02e6c,2
12er,-2083451003,Janene,5c98bcafc0613,4
12er,-2127770281,Honora,5c98cfad65080,1
12er,-228909015,Stephan,5c98cd8f9f989,1
12er,-43872404,Jerrold,5c98cc9ec9356,1
12er,-4488509,Rosamond,5c98cfe6b4972,1
12er,-575880833,Shaylee,5c98cfad65080,1
12er,-576206727,Shannan,5c98bcafc0613,3
12er,-680865611,Nikolai,5c98b64c1443f,1
12er,-842720956,Celestine,5c98cfe6b4972,1
12er,-907417893,Nanette,5c98c108cd4e3,2
12er,1197913436,Domenica,5c98c92c02e6c,2
12er,1430395277,Beatriz,5c98c7925a1fc,2
12er,1433573172,Beecher,5c98c108cd4e3,3
12er,1468254897,Galilea,5c98cc9ec9356,2
12er,1500193126,Vincenzo,5c98d03a167ff,5
12er,1618378810,Latoria,5c98d03a167ff,3
12er,1618385537,Latoyia,5c98ca3e6d3ac,1
12er,1618459689,Latrina,5c98cfad65080,1
12er,1972506027,Author,5c98b970b7847,3
12er,1986132042,Belton,5c98b42dd9ca7,1
12er,1990023133,Bishop,5c98cfe6b4972,3
12er,1995051849,Bobbie,5c98c108cd4e3,5
12er,1998508451,Brycen,5c98cc9ec9356,3
12er,2017526756,Chloie,5c98b42dd9ca7,1
12er,2021012392,Cleola,5c98b970b7847,1
12er,2023998139,Colvin,5c98b42dd9ca7,1
12er,2043455380,Denzel,5c98c7925a1fc,3
12er,2092667,Cali,5c98cd8f9f989,2
12er,2096565,Cena,5c98c7925a1fc,4
12er,2115424982,Fulton,5c98bff040b99,1
12er,2122525,Dann,5c98cd8f9f989,1
12er,2136123780,Glynis,5c98c108cd4e3,4
12er,234927619,Williemae,5c98c657c12ed,4
12er,2424414,Nery,5c98cfad65080,1
12er,2460394,Olan,5c98b970b7847,1
12er,264375515,Yamilex,5c98cfe6b4972,3
12er,2666562,Vira,5c98c7925a1fc,3
12er,268882280,Yaretzi,5c98ca3e6d3ac,1
12er,63380620,Amira,5c98cd8f9f989,1
12er,63402462,Anais,5c98c51ca4e5e,1
12er,63409950,Anice,5c98af4f7789c,1
12er,64468011,Bryce,5c98c7925a1fc,4
12er,65197504,Cliff,5c98b42dd9ca7,1
12er,65913736,Dejon,5c98bff040b99,1
12er,66036304,Dinah,5c98af4f7789c,1
12er,66675,Bev,5c98b42dd9ca7,1
12er,66725699,Early,5c98af4f7789c,1
12er,67070941,Emett,5c98c51ca4e5e,1
12er,68908,Dow,5c98cd8f9f989,1
12er,69606529,Heidy,5c98cc9ec9356,2
12er,70913775,Irena,5c98baacedff8,2
12er,71446169,Jeana,5c98c51ca4e5e,1
12er,71576858,Jimmy,5c98c51ca4e5e,2
12er,71760130,Jordy,5c98b42dd9ca7,1
12er,720859600,Kaitlin,5c98cc9ec9356,3
12er,721758206,Deforest,5c98baacedff8,1
12er,73305704,Lenna,5c98cfe6b4972,1
12er,73424582,Lindy,5c98c51ca4e5e,1
12er,73424868,Linna,5c98b970b7847,1
12er,73779092,Lukas,5c98b42dd9ca7,1
12er,74345114,Mikal,5c98cfad65080,1
12er,74345238,Mikel,5c98baacedff8,1
12er,74353373,Missy,5c98c51ca4e5e,1
12er,747100382,Alexina,5c98d03a167ff,3
12er,75033265,Nancy,5c98b42dd9ca7,1
12er,76785,Luz,5c98c92c02e6c,2
12er,77349,Mia,5c98bff040b99,1
12er,79144430,Ronda,5c98baacedff8,2
12er,79311688,Ruben,5c98cc9ec9356,1
12er,79882792,Signe,5c98cfad65080,1
12er,80578407,Tarik,5c98cfad65080,1
12er,80703331,Texie,5c98c7925a1fc,1
12er,81087580,Trudi,5c98c51ca4e5e,1
12er,82343,Rod,5c98b70ee3ba2,3
12er,868575979,Stanislaus,5c98b42dd9ca7,1
12er,917388559,Ardella,5c98b42dd9ca7,1
5a,-1247069866,Rosanna,5c98b2aa9717a,1
5a,-1537981199,Renaldo,5c98b2aa9717a,1
5a,-166888990,Jailene,5c98c92c02e6c,1
5a,-1675565852,Cordero,5c98c855ca7b5,1
5a,-1818420657,Simone,5c98ceb21ca28,1
5a,-1845259424,Citlali,5c98b2aa9717a,2
5a,-2079625666,Jerrad,5c98c70931cf4,3
5a,-2081752635,Calista,5c98cc059c466,1
5a,-2083125503,Jaycee,5c98b2aa9717a,3
5a,-572564302,Shelvia,5c98cabb39e37,1
5a,1098294875,Destiney,5c98cabb39e37,2
5a,1235314187,Christion,5c98cb36a6a49,2
5a,1979511481,Christie,5c98c5dbe97e5,2
5a,2043056833,Deanna,5c98c5dbe97e5,1
5a,2125748205,Garett,5c98cc059c466,1
5a,2460386,Olaf,5c98c7925a1fc,3
5a,2553040,Rona,5c98b970b7847,2
5a,2599292,Tara,5c98cc059c466,1
5a,63363047,Alvie,5c98cc059c466,1
5a,63534105,Arnie,5c98cabb39e37,1
5a,64077159,Beula,5c98cc059c466,1
5a,66215632,Donta,5c98bbf60a74e,1
5a,67949,Coy,5c98bbf60a74e,1
5a,68587,Del,5c98c3d5e7f8d,1
5a,71464614,Jetta,5c98b55207aa1,1
5a,79658919,Savon,5c98c5dbe97e5,1
5a,80683976,Teddy,5c98bd907d9c2,2
5a,926921445,Arnoldo,5c98bbf60a74e,1
5a,927100253,Arnulfo,5c98c3d5e7f8d,1
5b,-1790850924,Marrion,5c98b2aa9717a,1
5b,-1819692060,Shayne,5c98b2aa9717a,3
5b,-1937796236,Odelia,5c98baacedff8,1
5b,-1990375230,Mignon,5c98b55207aa1,1
5b,-2039257306,Kristi,5c98cc059c466,1
5b,-2070900498,Joanie,5c98cc059c466,1
5b,-2122444804,Hughes,5c98bd907d9c2,2
5b,-228778846,Stetson,5c98c5dbe97e5,1
5b,-827004058,Torrence,5c98bd907d9c2,1
5b,1500904806,Charlene,5c98b2aa9717a,1
5b,1986370175,Bettie,5c98cb36a6a49,2
5b,2021010501,Clemma,5c98c855ca7b5,1
5b,2024177846,Corwin,5c98ceb21ca28,2
5b,2043075216,Debbra,5c98c70931cf4,2
5b,2078771437,Elvina,5c98cc059c466,2
5b,2136189,Doug,5c98d03a167ff,1
5b,2552989,Roll,5c98cabb39e37,2
5b,438212483,Aaliyah,5c98c70931cf4,3
5b,66863009,Effie,5c98cabb39e37,1
5b,73270,Ian,5c98c70931cf4,2
5b,73293224,Leann,5c98c7925a1fc,1
5b,73310354,Lesia,5c98cfe6b4972,1
5b,73429487,Lisha,5c98b2aa9717a,1
5b,73607183,Loree,5c98c5dbe97e5,2
5b,74232752,Mercy,5c98bbf60a74e,2
5b,76897,Lyn,5c98c92c02e6c,1
5b,77120612,Piper,5c98b2aa9717a,3
5b,840925712,Marcelina,5c98ceb21ca28,1
5c,-1654395207,Yaakov,5c98cfad65080,2
5c,-172266050,Jacques,5c98b2aa9717a,2
5c,-1824113880,Schley,5c98c3d5e7f8d,2
5c,-1965293325,Nellie,5c98c70931cf4,4
5c,-2070783167,Joella,5c98cc059c466,1
5c,-2137006727,Hennie,5c98b2aa9717a,3
5c,-888688213,Joycelyn,5c98b847c626a,1
5c,-900517483,Nautica,5c98c70931cf4,3
5c,-90498844,Bettyjane,5c98cfe6b4972,1
5c,1201615770,Dominque,5c98cfad65080,1
5c,1964561255,Amaris,5c98b847c626a,1
5c,2017202051,Charly,5c98c5dbe97e5,1
5c,2024049913,Conner,5c98cb36a6a49,3
5c,2043409130,Demian,5c98cc059c466,2
5c,2052666774,Donald,5c98d03a167ff,3
5c,2079432623,Emmons,5c98cabb39e37,2
5c,2129883,Dicy,5c98b970b7847,1
5c,2546943,Rick,5c98c3d5e7f8d,2
5c,2562654,Ryne,5c98b2aa9717a,3
5c,2599044,Taja,5c98cc059c466,1
5c,2785646,Zion,5c98d03a167ff,3
5c,284442259,Evander,5c98bbf60a74e,2
5c,402568373,Ezekiel,5c98cc059c466,1
5c,63524509,Ardis,5c98c7925a1fc,3
5c,715796857,Kadence,5c98cfe6b4972,1
5c,73412375,Liana,5c98cfad65080,1
5c,73780287,Lulie,5c98c855ca7b5,1
5c,74098261,Mabel,5c98bbf60a74e,1
5c,76287,Lex,5c98bbf60a74e,1
5c,80573596,Tamie,5c98b847c626a,1
5d,-1205013205,Jonathon,5c98c5dbe97e5,1
5d,-1375806835,Jeramiah,5c98c5dbe97e5,1
5d,-1597529212,Cristen,5c98cc059c466,1
5d,-1647674558,Rashida,5c98b970b7847,1
5d,-1825804941,Samson,5c98bd907d9c2,2
5d,-2038780658,Krysta,5c98c70931cf4,5
5d,-2122034563,Crockett,5c98c70931cf4,2
5d,119255840,Ephriam,5c98cabb39e37,2
5d,1964373997,Alzina,5c98cb36a6a49,2
5d,2001079137,Burley,5c98c70931cf4,1
5d,2011245549,Carter,5c98ceb21ca28,1
5d,2043550728,Derald,5c98bd907d9c2,2
5d,2097131205,Farris,5c98b847c626a,1
5d,2125962998,Gaylen,5c98cb36a6a49,2
5d,2162812,Ella,5c98cb36a6a49,2
5d,2282007,Ilma,5c98bbf60a74e,1
5d,2558999,Ruth,5c98cabb39e37,1
5d,2588535,Sula,5c98c92c02e6c,1
5d,64274399,Bliss,5c98cabb39e37,1
5d,65087095,Chris,5c98c92c02e6c,1
5d,65197999,Clive,5c98b847c626a,1
5d,65921227,Deric,5c98bd907d9c2,2
5d,71349732,Jayce,5c98b2aa9717a,3
5d,75187,Kai,5c98c5dbe97e5,1
5d,76886569,Patsy,5c98c70931cf4,2
5d,78029980,Qiana,5c98bbf60a74e,1
5d,78927759,Rhett,5c98cc059c466,1
5d,80068285,Sonny,5c98c5dbe97e5,1
5d,80980108,Tobin,5c98b55207aa1,3
6a,-1710407934,Hilario,5c98b970b7847,1
6a,-1850530705,Rettie,5c98c70931cf4,4
6a,-1905353822,Philip,5c98c855ca7b5,1
6a,-1968759539,Nataly,5c98b55207aa1,1
6a,-2004015002,Lynsey,5c98bbf60a74e,1
6a,-2050991452,Kerwin,5c98cabb39e37,2
6a,-2054487683,Kayley,5c98cb36a6a49,4
6a,-74087495,Syreeta,5c98cb36a6a49,1
6a,1618374966,Latonia,5c98c70931cf4,3
6a,2000691713,Buelah,5c98ceb21ca28,1
6a,2035756,Aden,5c98b2aa9717a,1
6a,2066967,Beth,5c98c3d5e7f8d,2
6a,2291252,Ivah,5c98cc059c466,3
6a,261364121,Yajaira,5c98cb36a6a49,1
6a,65295618,Corie,5c98bd907d9c2,3
6a,65372373,Creed,5c98cb36a6a49,3
6a,69914184,Hosie,5c98b2aa9717a,3
6a,72273528,Kayla,5c98b970b7847,1
6a,72392692,Keyla,5c98b2aa9717a,1
6a,74233069,Merna,5c98b970b7847,2
6a,76461373,Orley,5c98c855ca7b5,2
6a,79847231,Shana,5c98c70931cf4,3
6a,83343053,Waldo,5c98bbf60a74e,1
6a,951923324,Margarete,5c98b55207aa1,2
6b,-1404858369,Dominique,5c98c5dbe97e5,2
6b,-1676334159,Merritt,5c98c5dbe97e5,1
6b,-1703936886,Willia,5c98b847c626a,1
6b,-1835784151,Rustin,5c98c70931cf4,4
6b,-1997437619,Marlon,5c98c70931cf4,3
6b,-2051119378,Kenney,5c98ceb21ca28,1
6b,-2083484510,Jamari,5c98ceb21ca28,1
6b,-2100270820,Ingram,5c98bd907d9c2,2
6b,-572384582,Sherwin,5c98c3d5e7f8d,2
6b,-678901176,Sharleen,5c98c5dbe97e5,1
6b,2035583412,Leonardo,5c98ceb21ca28,2
6b,2043441,Alek,5c98cb36a6a49,1
6b,2112737827,Fronia,5c98c855ca7b5,1
6b,2192720,Floy,5c98c3d5e7f8d,1
6b,2453331,Odus,5c98cc059c466,1
6b,2662731,Vern,5c98cc059c466,1
6b,309645323,Marianna,5c98b970b7847,1
6b,408385061,Julious,5c98c70931cf4,1
6b,64452582,Brian,5c98cc059c466,1
6b,696546630,Alexander,5c98cc059c466,2
6b,71933255,Julio,5c98c3d5e7f8d,3
6b,72380207,Kelli,5c98b2aa9717a,2
6b,79674,Ova,5c98b2aa9717a,4
6b,82421413,Vance,5c98c3d5e7f8d,1
6b,839808671,Kenneth,5c98baacedff8,1
6c,-1710318696,Hildred,5c98c70931cf4,3
6c,-1791037402,Marlana,5c98c3d5e7f8d,2
6c,-1796967066,Tatsuo,5c98b2aa9717a,1
6c,-1990220509,Milton,5c98cfe6b4972,3
6c,-2070581561,Joleen,5c98cc059c466,2
6c,-2137372574,Hebert,5c98c3d5e7f8d,1
6c,-546684715,Isadore,5c98b2aa9717a,1
6c,-572389201,Sherron,5c98cc059c466,2
6c,1364290482,Madeleine,5c98d03a167ff,1
6c,2010962050,Caiden,5c98c5dbe97e5,2
6c,2046748947,Diallo,5c98bd907d9c2,2
6c,2155186,Edna,5c98bd907d9c2,2
6c,2360554,Lady,5c98cabb39e37,1
6c,2587246,Stan,5c98b55207aa1,3
6c,2587250,Star,5c98bd907d9c2,1
6c,271532444,Greggory,5c98b2aa9717a,1
6c,65070588,Chadd,5c98c855ca7b5,1
6c,66743178,Ebert,5c98cb36a6a49,4
6c,700947612,Fernand,5c98cabb39e37,3
6c,70742097,Illya,5c98b2aa9717a,2
6c,71349759,Jayda,5c98b847c626a,1
6c,85130,Ula,5c98b2aa9717a,1
6c,960349351,Assunta,5c98b2aa9717a,2
6d,-1575968877,Michial,5c98c70931cf4,2
6d,-163389949,Jameson,5c98c3d5e7f8d,3
6d,-1968925905,Nannie,5c98bd907d9c2,2
6d,-1990161122,Mintie,5c98b55207aa1,1
6d,-2018860665,Lilian,5c98bbf60a74e,2
6d,-2079628176,Jerome,5c98b847c626a,1
6d,-2080135553,Jeanne,5c98c855ca7b5,1
6d,-2095341728,Israel,5c98d03a167ff,1
6d,-674602667,Shawanda,5c98cabb39e37,1
6d,1613998932,Michelina,5c98c92c02e6c,1
6d,1830491095,Liberty,5c98cabb39e37,1
6d,1945261024,Graydon,5c98c70931cf4,1
6d,2068551895,Eathel,5c98c92c02e6c,1
6d,2106132,Colt,5c98c855ca7b5,1
6d,2281642,Ilah,5c98cfe6b4972,2
6d,2797072,Zula,5c98cc059c466,1
6d,304221391,Marcello,5c98b2aa9717a,2
6d,527239824,Toriano,5c98baacedff8,1
6d,64458407,Brock,5c98b847c626a,1
6d,670605705,Yoselin,5c98cfe6b4972,1
6d,71336647,Jakob,5c98cc059c466,1
6d,71349763,Jayde,5c98cb36a6a49,1
6d,71756572,Jonna,5c98c70931cf4,4
6d,79651373,Santa,5c98cb36a6a49,1
6e,-1531042510,Jeanmarie,5c98cb36a6a49,1
6e,-1675381448,Messiah,5c98cabb39e37,1
6e,-1790149963,Tianna,5c98b2aa9717a,2
6e,-1790869364,Marquis,5c98b970b7847,1
6e,-1791059319,Markita,5c98cb36a6a49,3
6e,-1815603966,Sloane,5c98b2aa9717a,1
6e,-1821830162,Seward,5c98b2aa9717a,1
6e,-1841784755,Rodger,5c98b2aa9717a,2
6e,-1933588508,Harland,5c98c7925a1fc,1
6e,-2026328392,Laisha,5c98c92c02e6c,2
6e,1119162549,Birdella,5c98c7925a1fc,1
6e,2016108410,Vernell,5c98c70931cf4,3
6e,2106299,Cora,5c98b970b7847,1
6e,2241694,Hans,5c98b847c626a,1
6e,2283706,Inez,5c98c5dbe97e5,1
6e,2662722,Vere,5c98c70931cf4,2
6e,624224055,Johnathan,5c98c5dbe97e5,1
6e,64880455,Cathy,5c98c5dbe97e5,1
6e,730673611,Kathyrn,5c98ceb21ca28,1
6e,74110023,Manly,5c98c92c02e6c,1
6e,74113578,Marco,5c98b55207aa1,1
6e,762243045,Alverta,5c98b2aa9717a,3
6e,89719,Zeb,5c98c70931cf4,3
7a,-1252493798,Romello,5c98be971f9de,1
7a,-1662458540,Rachael,5c98c5dbe97e5,1
7a,-1818689996,Sidney,5c98cc059c466,1
7a,-1819204496,Shreya,5c98cabb39e37,1
7a,-604068304,Mellissa,5c98be971f9de,1
7a,1235313753,Christian,5c98d03a167ff,1
7a,2017315650,Chelsi,5c98cf446f037,1
7a,2039803852,Daphne,5c98cabb39e37,3
7a,2043571787,Derwin,5c98b847c626a,1
7a,2099188,Chet,5c98cc059c466,1
7a,2119,Ah,5c98cabb39e37,2
7a,2195214,Foch,5c98b847c626a,1
7a,2320171,Judd,5c98cc059c466,3
7a,2360974,Lark,5c98c3d5e7f8d,2
7a,2374298,Lone,5caf3886dd0a5,3
7a,2615726,True,5c98b970b7847,3
7a,309770439,Marietta,5caf3886dd0a5,1
7a,69611768,Henry,5c98c5dbe97e5,1
7a,74346206,Miles,5c98c70931cf4,4
7a,76268,Lee,5c98ceb21ca28,1
7a,76470970,Orvel,5c98bd907d9c2,2
7a,77120,Mat,5c98b55207aa1,1
7a,79646401,Saint,5c98cc059c466,1
7a,83343311,Wally,5c98b847c626a,1
7a,85613918,Yosef,5c98c7925a1fc,2
7b,-1205013639,Jonathan,5c98cf446f037,2
7b,-1808509297,Stefan,5c98c5dbe97e5,2
7b,-546684719,Isadora,5c98b383210ea,2
7b,-712511601,Stonewall,5c98cc059c466,1
7b,1028982894,Dimitrios,5c98c70931cf4,4
7b,1617958388,Latanya,5c98ceb21ca28,1
7b,1964338285,Alycia,5c98bcafc0613,2
7b,2024159578,Cordie,5c98b55207aa1,2
7b,2043539826,Dequan,5c98cf446f037,1
7b,2052804070,Dortha,5c98c5dbe97e5,1
7b,2057392,Azul,5c98b383210ea,3
7b,2122520,Dani,5c98bd907d9c2,3
7b,2122636,Dara,5c98cd8f9f989,1
7b,2132673010,Gibson,5caf3886dd0a5,1
7b,2135399186,Gladis,5c98cc059c466,2
7b,2168609,Erma,5c98cf446f037,1
7b,2434124,Nova,5c98cabb39e37,1
7b,589168460,Bernardine,5c98c7925a1fc,2
7b,63402940,Anaya,5c98cb36a6a49,1
7b,72253267,Kadin,5c98c855ca7b5,2
7b,72377422,Keion,5c98c855ca7b5,1
7b,73660,Ina,5c98bd907d9c2,3
7b,74113712,Margy,5c98b970b7847,1
7b,80204406,Stacy,5c98cabb39e37,1
7c,-1891246364,Charles,5c98bbf60a74e,2
7c,-2013264328,London,5c98c7925a1fc,3
7c,-2018857529,Lillis,5c98cc059c466,1
7c,-2022513304,Lemuel,5c98be971f9de,1
7c,-2054696220,Karley,5c98cb36a6a49,3
7c,-2127665032,Horace,5c98c70931cf4,3
7c,-660915215,Filomena,5c98ceb21ca28,1
7c,1966055357,Antwan,5c98cf446f037,3
7c,2122647,Darl,5c98c5dbe97e5,1
7c,2575840,Shep,5caf3886dd0a5,1
7c,2598939,Taft,5c98cf446f037,3
7c,329885059,Thurlow,5c98d03a167ff,3
7c,64458779,Brook,5c98bcafc0613,3
7c,65802075,Dario,5c98c7925a1fc,2
7c,66037665,Dione,5c98c3d5e7f8d,1
7c,67042725,Elgin,5c98c7925a1fc,3
7c,68576357,Gaven,5c98b383210ea,5
7c,73422884,Lilla,5c98c70931cf4,2
7c,75034520,Naomi,5c98ceb21ca28,1
7c,79641922,Sadye,5c98c5dbe97e5,1
7d,-1338847043,Laurence,5c98bd907d9c2,3
7d,-1662171201,Racquel,5c98bbf60a74e,1
7d,-1790473665,Thursa,5c98cb36a6a49,2
7d,-1790639194,Marylyn,5c98bd907d9c2,3
7d,-1984687266,Mollie,5c98bbf60a74e,1
7d,-1997626639,Malaya,5c98b55207aa1,1
7d,-2083116969,Jaylan,5c98c855ca7b5,1
7d,-2089245651,Izetta,5c98c92c02e6c,1
7d,-758149460,Saundra,5c98cb36a6a49,2
7d,1060301627,Ruthanne,5c98c5dbe97e5,3
7d,1619383214,Laurine,5c98c70931cf4,2
7d,1678963325,Littleton,5c98bcafc0613,2
7d,1972488074,Austyn,5c98b383210ea,2
7d,2050481,Ason,5c98bbf60a74e,1
7d,2129449382,German,5c98cfe6b4972,1
7d,2164845,Enos,5c98c855ca7b5,2
7d,2443424,Nyla,5c98cd8f9f989,1
7d,2603144,Teri,5c98c70931cf4,3
7d,63366236,Alysa,5c98bbf60a74e,1
7d,66215291,Donia,5c98b383210ea,4
7d,72252193,Kacey,5c98bd907d9c2,2
7d,73607303,Loria,5c98c5dbe97e5,1
7d,78955090,Ricci,5c98b847c626a,1
7d,80356569,Sydni,5c98cf446f037,4
7d,82540763,Venie,5c98c855ca7b5,2
8a,-1822154146,Selena,5c98ceb21ca28,1
8a,-1825666036,Sariah,5c98b70ee3ba2,1
8a,-1908436701,Georgianna,5caf3886dd0a5,1
8a,-2013144513,Loreen,5c98b970b7847,1
8a,-2026184207,Lannie,5c98be971f9de,1
8a,-2076106047,Carmela,5c98cd8f9f989,1
8a,-2083626176,Jahiem,5c98cf446f037,1
8a,-42924892,Jessika,5c98b55207aa1,2
8a,-765463711,Sampson,5c98bbf60a74e,1
8a,-865550851,Mechelle,5c98cf446f037,3
8a,1368613024,Elizabeth,5c98cc9ec9356,1
8a,1473649007,Gardner,5c98cf446f037,3
8a,2040023000,Dawson,5c98cd8f9f989,1
8a,2045632,Anna,5c98c92c02e6c,2
8a,2092856,Carl,5c98b55207aa1,3
8a,2451023,Obie,5c98bbf60a74e,1
8a,2546672,Rhys,5c98cc9ec9356,1
8a,2558458,Ruby,5c98be971f9de,2
8a,63348632,Algie,5c98ceb21ca28,1
8a,64444998,Brady,5c98b70ee3ba2,1
8a,65289748,Coley,5c98cf446f037,3
8a,664023648,Yolanda,5c98c7925a1fc,2
8a,70793495,India,5c98b70ee3ba2,1
8a,730654391,Kathern,5c98be971f9de,1
8a,871826606,Kaitlynn,5c98cf446f037,4
8a,947636645,Ethelbert,5c98c5dbe97e5,1
8b,-1078927094,Demetra,5c98ceb21ca28,1
8b,-1474105454,Frederic,5c98bd907d9c2,1
8b,-1736089059,Verdie,5c98cf446f037,3
8b,-1955870000,Norval,5c98be971f9de,1
8b,-1978970394,Muriel,5c98b847c626a,1
8b,-2083116975,Jaylah,5c98c855ca7b5,1
8b,-902003468,Natalya,5c98be971f9de,1
8b,1703633809,Giselle,5c98c5dbe97e5,1
8b,2021612928,Clytie,5c98bd907d9c2,2
8b,2047076740,Dillon,5c98c3d5e7f8d,1
8b,2078161206,Elayne,5c98b383210ea,3
8b,2089904664,Florance,5c98d03a167ff,2
8b,2132720756,Gidget,5c98cf446f037,4
8b,2330743,Kade,5c98c3d5e7f8d,1
8b,2390604,Mame,5c98cc9ec9356,1
8b,310172850,Marisela,5c98c92c02e6c,2
8b,63404253,Ancel,5c98baacedff8,1
8b,63558019,Asher,5c98cfad65080,1
8b,63955991,Basil,5c98c855ca7b5,1
8b,64550728,Buren,5caf3886dd0a5,2
8b,67058597,Elwyn,5c98d03a167ff,1
8b,67060324,Elyse,5c98bd907d9c2,2
8b,70496650,Idell,5c98b55207aa1,2
8b,72754,Hoy,5c98cf446f037,3
8b,73422795,Lilie,5c98b383210ea,2
8b,74098471,Mable,5c98d03a167ff,4
8b,76125973,Ogden,5c98c7925a1fc,3
8b,79133842,Rocco,5c98cf446f037,1
8c,-1282443245,Willaim,5c98cfad65080,1
8c,-1625385428,Zandra,5c98c855ca7b5,1
8c,-1781243805,Truman,5c98b383210ea,3
8c,-1793851164,Teagan,5c98c5dbe97e5,2
8c,-1850715217,Rennie,5c98b70ee3ba2,2
8c,-1911483091,Pattie,5c98b70ee3ba2,2
8c,-2070704303,Johana,5c98bbf60a74e,1
8c,-2083106925,Jayvon,5c98cfad65080,1
8c,-2083139599,Jaxson,5c98ceb21ca28,2
8c,-901997268,Natasha,5c98bbf60a74e,2
8c,1809475049,Bridger,5c98d03a167ff,1
8c,1839925593,Lillian,5c98b847c626a,1
8c,1969748047,Arturo,5c98b55207aa1,1
8c,1989492274,Bianca,5c98c92c02e6c,2
8c,2049490,Arno,5c98bd907d9c2,3
8c,2078384719,Elijah,5c98be971f9de,1
8c,2169787,Esta,5c98bbf60a74e,3
8c,2314444,Joel,5c98bbf60a74e,1
8c,2888431,Elfreda,5c98bbf60a74e,1
8c,64452635,Brice,5c98ceb21ca28,1
8c,65100810,Ciara,5c98d03a167ff,3
8c,65807021,Dawna,5c98c3d5e7f8d,2
8c,720860096,Kaitlyn,5c98b847c626a,2
8c,78202375,Felicity,5c98b970b7847,1
8c,84286,Toy,5c98b847c626a,1
8c,86311882,Zhane,5c98b70ee3ba2,1
8c,947981908,Nathanael,5caf3886dd0a5,2
8d,-1248446794,Annemarie,5c98cf446f037,3
8d,-1703928999,Wilton,5c98c92c02e6c,2
8d,-1710096281,Hillary,5c98c3d5e7f8d,2
8d,-1808616601,Starla,5c98c7925a1fc,2
8d,-1819365830,Herbert,5caf3886dd0a5,2
8d,-1841335706,Rosina,5c98c5dbe97e5,1
8d,-1933396370,Harrold,5caf3886dd0a5,2
8d,-2054487818,Kaylan,5c98b970b7847,2
8d,-2054628846,Kattie,5c98baacedff8,1
8d,-2074884605,Caswell,5c98cf446f037,3
8d,-303674281,Courtney,5c98cf446f037,4
8d,-43878452,Jerrica,5c98ceb21ca28,2
8d,-572397708,Sherita,5c98b847c626a,1
8d,-787583049,Dorthea,5c98c855ca7b5,2
8d,1175426872,Theodora,5c98b70ee3ba2,2
8d,1841510623,Lincoln,5c98cc9ec9356,1
8d,1895910115,Valinda,5c98cd8f9f989,1
8d,1965724357,Anissa,5c98c108cd4e3,4
8d,2020896084,Clarke,5c98ceb21ca28,1
8d,2073554311,Egbert,5c98c855ca7b5,1
8d,2099048,Chad,5c98ceb21ca28,1
8d,2099306,Chin,5c98cd8f9f989,2
8d,2330991,Kale,5c98b70ee3ba2,3
8d,2343596,Knox,5c98bd907d9c2,1
8d,2666686,Viva,5c98bd907d9c2,2
8d,63354593,Almon,5c98ceb21ca28,1
8d,82658094,Villa,5c98c855ca7b5,2
9a,-102374941,Philomene,5c98c5dbe97e5,1
9a,-1076827305,Deondre,5c98bbf60a74e,2
9a,-1141971527,Missouri,5c98b847c626a,1
9a,-1367367419,Latricia,5c98c657c12ed,4
9a,-1672499583,Council,5c98b847c626a,1
9a,-1790953421,Theola,5c98c7925a1fc,1
9a,-1791182509,Margene,5c98c51ca4e5e,1
9a,-2008003046,Ludwig,5c98bff040b99,1
9a,-2018642279,Lissie,5caf3579623ff,5
9a,-2054487694,Kaylen,5caf3886dd0a5,2
9a,-2095430140,Isobel,5c98b70ee3ba2,1
9a,-757604132,Savanah,5caf39505cfd8,2
9a,-922331968,Victoriano,5c98b383210ea,1
9a,-975259340,Diamond,5c98cf446f037,2
9a,105945846,Makenzie,5c98baacedff8,1
9a,1936745692,Bettylou,5c98b847c626a,1
9a,1964353860,Alyson,5c98ceb21ca28,2
9a,2043449926,Denton,5caf39505cfd8,2
9a,2368528,Lina,5c98cfad65080,1
9a,2413433,Myer,5c98cf446f037,4
9a,2433876,Nona,5c98c51ca4e5e,1
9a,2578847,Skip,5caf3886dd0a5,2
9a,2612770,Tory,5c98cd8f9f989,1
9a,274311443,Brittany,5c98c92c02e6c,1
9a,63416053,Anona,5caf39505cfd8,1
9a,65805918,Davin,5c98baacedff8,1
9a,73643,Imo,5c98cc9ec9356,1
9a,74102944,Magan,5c98bff040b99,2
9a,78846555,Renee,5c98b970b7847,1
9b,-105753644,Reynolds,5c98c7925a1fc,1
9b,-1070323195,Devonte,5c98b70ee3ba2,1
9b,-1559823038,Garfield,5c98cc9ec9356,1
9b,-1579454922,Francine,5c98b383210ea,1
9b,-1681969943,Melodee,5c98cc9ec9356,1
9b,-1819592120,Sheena,5c98cf446f037,4
9b,-1971640944,Quintin,5c98cf446f037,2
9b,-2013021084,Lovisa,5c98cc9ec9356,1
9b,-2054852874,Kamden,5c98d03a167ff,1
9b,-2065036715,Julian,5c98c7925a1fc,3
9b,-2083294506,Jasmin,5c98d03a167ff,1
9b,-564237138,Reinaldo,5c98d03a167ff,1
9b,1222309150,Krystal,5c98c92c02e6c,1
9b,1965651104,Angela,5c98bcafc0613,3
9b,1982630157,Bascom,5c98b970b7847,1
9b,2043285679,Deidre,5c98cc9ec9356,3
9b,2043433,Alec,5c98bbf60a74e,2
9b,2136098,Dori,5caf39505cfd8,1
9b,2338814,Kipp,5c98b64c1443f,1
9b,290884534,Olivine,5c98cd8f9f989,1
9b,68692075,Gerri,5c98bbf60a74e,1
9b,69496871,Hasan,5c98b847c626a,3
9b,70832,Foy,5c98cc9ec9356,1
9b,73607192,Loren,5caf36d8bfd91,1
9b,73607462,Lorne,5c98b64c1443f,1
9b,75438973,Nobie,5c98cf446f037,4
9b,86232766,Zelda,5c98cfe6b4972,1
9b,89661676,Elfrieda,5c98ceb21ca28,1
9c,-1246952686,Rosella,5c98ceb21ca28,1
9c,-1369063043,Gladstone,5c98b847c626a,2
9c,-1433424937,Richard,5c98c51ca4e5e,1
9c,-1796645233,Maliyah,5c98cf446f037,4
9c,-1826142296,Sabina,5c98be971f9de,1
9c,-1891372831,Chandra,5c98ceb21ca28,1
9c,-1984770022,Moises,5c98cfe6b4972,1
9c,-1990268665,Mikala,5caf3579623ff,2
9c,-665504131,Henretta,5c98b847c626a,1
9c,1057508164,Emiliano,5caf36d8bfd91,1
9c,1493755232,Stephani,5c98bff040b99,1
9c,1547371279,Frederica,5c98ceb21ca28,2
9c,1989989301,Birdie,5c98bbf60a74e,1
9c,2039873392,Darryl,5c98ceb21ca28,1
9c,2043555,Alia,5c98cfe6b4972,2
9c,2106323,Cory,5c98c7925a1fc,3
9c,2126356,Dena,5c98cf446f037,1
9c,2241676,Hana,5c98bbf60a74e,2
9c,2364940,Levi,5c98ceb21ca28,1
9c,65070879,Champ,5c98b970b7847,2
9c,65189691,Clabe,5c98ceb21ca28,1
9c,65189921,Clair,5c98bbf60a74e,1
9c,65801950,Daren,5c98cfe6b4972,1
9c,71343082,Jaret,5c98be971f9de,2
9c,72975685,Kylah,5c98cc9ec9356,1
9c,74346429,Milly,5c98c108cd4e3,5
9c,74676,Joy,5c98cfe6b4972,3
9c,76713259,Ozzie,5c98c92c02e6c,1
9c,79651387,Santo,5c98cc9ec9356,1